,,Date,latitude,longitude,mag
df_EQ Data.csv,0,8239.0,19.248,-155.399333333333,3.51
df_EQ Data.csv,1,8238.0,19.2036666666667,-155.469166666667,3.74
df_EQ Data.csv,2,8238.0,19.7966666666667,-155.561833333333,3.41
df_EQ Data.csv,3,8237.0,19.177,-155.490666666667,3.29
df_EQ Data.csv,4,8233.0,19.1693333333333,-155.499833333333,3.64
df_EQ Data.csv,5,8230.0,19.2485,-155.399666666667,3.43
df_EQ Data.csv,6,8229.0,19.1998333333333,-155.385666666667,3.78
df_EQ Data.csv,7,8229.0,19.241,-155.399166666667,3.89
df_EQ Data.csv,8,8228.0,19.1608333333333,-155.494833333333,3.28
df_EQ Data.csv,9,8227.0,19.199499130249,-155.410827636719,2.94
df_EQ Data.csv,10,8225.0,19.1606666666667,-155.493,3.28
df_EQ Data.csv,11,8220.0,19.1913333333333,-155.492833333333,3.55
df_EQ Data.csv,12,8218.0,19.1958333333333,-155.411666666667,3.21
df_EQ Data.csv,13,8209.0,21.6843,-160.328,4.0
df_EQ Data.csv,14,8202.0,19.6403333333333,-155.968666666667,4.67
df_EQ Data.csv,15,8199.0,18.9258333333333,-155.5385,3.46
df_EQ Data.csv,16,8195.0,19.2411666666667,-155.387333333333,3.33
df_EQ Data.csv,17,8193.0,19.1898333333333,-155.502333333333,3.2
df_EQ Data.csv,18,8189.0,19.2128333333333,-155.388666666667,3.35
df_EQ Data.csv,19,8171.0,19.257,-155.368833333333,3.43
df_EQ Data.csv,20,8170.0,19.4256666666667,-155.6235,3.45
df_EQ Data.csv,21,8169.0,19.2096666666667,-155.371833333333,3.25
df_EQ Data.csv,22,8165.0,19.2383333333333,-155.397333333333,3.05
df_EQ Data.csv,23,8165.0,19.2178333333333,-155.388333333333,4.63
df_EQ Data.csv,24,8165.0,19.2383333333333,-155.403666666667,4.33
df_EQ Data.csv,25,8157.0,19.1998333333333,-155.435166666667,3.7
df_EQ Data.csv,26,8157.0,19.183,-155.4825,3.37
df_EQ Data.csv,27,8154.0,18.8288333333333,-155.152666666667,3.29
df_EQ Data.csv,28,8150.0,19.1781666666667,-155.507,3.4
df_EQ Data.csv,29,8150.0,19.2063333333333,-155.399166666667,3.71
df_EQ Data.csv,30,8149.0,19.42,-155.616166666667,3.51
df_EQ Data.csv,31,8149.0,19.8993333333333,-156.091333333333,3.36
df_EQ Data.csv,32,8146.0,19.3726666666667,-155.066,3.3
df_EQ Data.csv,33,8146.0,19.7211,-157.4355,3.5
df_EQ Data.csv,34,8140.0,19.858,-155.5675,4.54
df_EQ Data.csv,35,8139.0,19.2215,-156.365166666667,3.51
df_EQ Data.csv,36,8139.0,19.1913333333333,-155.504,3.5
df_EQ Data.csv,37,8138.0,19.202,-155.3975,3.28
df_EQ Data.csv,38,8132.0,19.1995,-155.386166666667,3.25
df_EQ Data.csv,39,8128.0,19.2481666666667,-155.388666666667,3.6
df_EQ Data.csv,40,8127.0,19.2386666666667,-155.378833333333,3.18
df_EQ Data.csv,41,8127.0,19.1628333333333,-155.476333333333,3.33
df_EQ Data.csv,42,8127.0,19.1843333333333,-155.514,3.34
df_EQ Data.csv,43,8122.0,19.174,-155.506833333333,3.15
df_EQ Data.csv,44,8118.0,19.2105,-155.467666666667,3.34
df_EQ Data.csv,45,8110.0,19.0225,-155.3225,3.23
df_EQ Data.csv,46,8110.0,19.0286666666667,-155.322833333333,3.29
df_EQ Data.csv,47,8109.0,19.1726666666667,-155.495333333333,3.7
df_EQ Data.csv,48,8108.0,19.1923333333333,-155.4745,3.67
df_EQ Data.csv,49,8108.0,19.2253333333333,-155.371,3.43
df_EQ Data.csv,50,8107.0,19.1825,-155.478666666667,3.54
df_EQ Data.csv,51,8104.0,18.8274,-156.7987,3.8
df_EQ Data.csv,52,8103.0,19.0186666666667,-155.308833333333,3.32
df_EQ Data.csv,53,8103.0,19.201,-155.387,3.34
df_EQ Data.csv,54,8100.0,19.2155,-155.406166666667,3.58
df_EQ Data.csv,55,8091.0,19.2193333333333,-155.3955,4.01
df_EQ Data.csv,56,8086.0,19.1958333333333,-155.399666666667,3.64
df_EQ Data.csv,57,8085.0,20.9286666666667,-156.082,4.67
df_EQ Data.csv,58,8076.0,19.3528333333333,-155.083333333333,3.5
df_EQ Data.csv,59,8066.0,19.2398333333333,-155.409333333333,3.27
df_EQ Data.csv,60,8065.0,19.1861666666667,-155.644333333333,3.81
df_EQ Data.csv,61,8064.0,19.1771666666667,-155.377166666667,3.06
df_EQ Data.csv,62,8064.0,19.0335,-156.229833333333,3.38
df_EQ Data.csv,63,8064.0,19.2163333333333,-155.399666666667,4.25
df_EQ Data.csv,64,8050.0,18.8561666666667,-155.192333333333,3.92
df_EQ Data.csv,65,8049.0,18.8705,-155.199833333333,3.34
df_EQ Data.csv,66,8049.0,19.2408333333333,-155.389166666667,3.15
df_EQ Data.csv,67,8049.0,18.8698333333333,-155.234,4.87
df_EQ Data.csv,68,8049.0,19.2078333333333,-155.433666666667,3.23
df_EQ Data.csv,69,8043.0,19.2113333333333,-155.418,2.98
df_EQ Data.csv,70,8043.0,19.206,-155.428333333333,3.08
df_EQ Data.csv,71,8043.0,19.2065,-155.405,3.3
df_EQ Data.csv,72,8042.0,19.1721666666667,-155.468833333333,3.09
df_EQ Data.csv,73,8042.0,19.2215,-155.418333333333,3.48
df_EQ Data.csv,74,8042.0,19.2026666666667,-155.407666666667,3.46
df_EQ Data.csv,75,8041.0,19.9018333333333,-156.7945,3.6
df_EQ Data.csv,76,8033.0,19.1635,-155.475666666667,3.51
df_EQ Data.csv,77,8030.0,19.1673333333333,-155.49,3.51
df_EQ Data.csv,78,8029.0,19.216,-155.407166666667,3.14
df_EQ Data.csv,79,8027.0,19.5081666666667,-155.661166666667,3.26
df_EQ Data.csv,80,8025.0,18.834,-155.197666666667,3.49
df_EQ Data.csv,81,8024.0,18.9703333333333,-155.422166666667,3.51
df_EQ Data.csv,82,8023.0,19.1825,-155.4775,3.56
df_EQ Data.csv,83,8020.0,19.3246666666667,-155.201666666667,3.49
df_EQ Data.csv,84,8018.0,19.1693333333333,-155.478833333333,3.21
df_EQ Data.csv,85,8017.0,19.1628333333333,-155.486666666667,3.15
df_EQ Data.csv,86,8016.0,19.2281666666667,-155.418,3.52
df_EQ Data.csv,87,8016.0,19.2015,-155.414333333333,3.32
df_EQ Data.csv,88,8011.0,19.2006666666667,-155.416166666667,3.68
df_EQ Data.csv,89,8011.0,19.1598333333333,-155.474166666667,3.83
df_EQ Data.csv,90,7998.0,19.1605,-155.4905,3.37
df_EQ Data.csv,91,7997.0,19.1676666666667,-155.474666666667,3.24
df_EQ Data.csv,92,7996.0,19.2075,-155.4025,3.27
df_EQ Data.csv,93,7983.0,19.904,-156.8335,3.64
df_EQ Data.csv,94,7982.0,19.1995,-155.435333333333,3.29
df_EQ Data.csv,95,7982.0,19.1871666666667,-155.4835,3.86
df_EQ Data.csv,96,7980.0,19.2078333333333,-155.3835,3.6
df_EQ Data.csv,97,7975.0,18.868,-155.542,4.26
df_EQ Data.csv,98,7975.0,18.8203333333333,-155.527166666667,6.21
df_EQ Data.csv,99,7974.0,19.2231666666667,-155.4145,3.58
df_EQ Data.csv,100,7973.0,19.1891666666667,-155.476833333333,3.5
df_EQ Data.csv,101,7971.0,19.207,-155.3965,3.58
df_EQ Data.csv,102,7971.0,19.2256666666667,-155.398,4.55
df_EQ Data.csv,103,7969.0,19.1891666666667,-155.481,3.55
df_EQ Data.csv,104,7967.0,19.2231666666667,-155.392833333333,3.4
df_EQ Data.csv,105,7965.0,19.3991666666667,-155.2855,2.59
df_EQ Data.csv,106,7965.0,19.4165,-155.279666666667,2.61
df_EQ Data.csv,107,7962.0,19.187,-155.487,3.82
df_EQ Data.csv,108,7960.0,20.6053333333333,-158.551833333333,3.94
df_EQ Data.csv,109,7955.0,19.244,-155.396,3.62
df_EQ Data.csv,110,7948.0,19.1856666666667,-155.469,1.92
df_EQ Data.csv,111,7947.0,19.221,-155.4165,3.81
df_EQ Data.csv,112,7944.0,19.1818333333333,-155.353833333333,3.51
df_EQ Data.csv,113,7942.0,18.7136666666667,-155.230333333333,3.59
df_EQ Data.csv,114,7942.0,19.1698333333333,-155.4695,3.42
df_EQ Data.csv,115,7935.0,19.1831666666667,-155.509166666667,3.19
df_EQ Data.csv,116,7935.0,19.3275,-155.122,3.67
df_EQ Data.csv,117,7930.0,19.4028333333333,-155.288666666667,1.99
df_EQ Data.csv,118,7926.0,19.2171666666667,-155.414833333333,3.27
df_EQ Data.csv,119,7925.0,19.2385,-155.391833333333,3.28
df_EQ Data.csv,120,7925.0,19.2385005950928,-155.39533996582,2.93
df_EQ Data.csv,121,7923.0,19.2143333333333,-155.393333333333,4.06
df_EQ Data.csv,122,7919.0,19.1855,-155.464166666667,3.87
df_EQ Data.csv,123,7914.0,19.3818333333333,-155.245333333333,1.94
df_EQ Data.csv,124,7903.0,19.2171666666667,-155.416333333333,3.33
df_EQ Data.csv,125,7897.0,19.3591666666667,-155.254666666667,3.43
df_EQ Data.csv,126,7887.0,19.2516666666667,-155.381333333333,3.42
df_EQ Data.csv,127,7882.0,19.8731666666667,-156.664166666667,4.17
df_EQ Data.csv,128,7880.0,20.2203333333333,-155.63,5.17
df_EQ Data.csv,129,7878.0,19.164,-155.482,3.33
df_EQ Data.csv,130,7875.0,19.1775,-155.456833333333,3.28
df_EQ Data.csv,131,7871.0,19.2218333333333,-155.421333333333,1.88
df_EQ Data.csv,132,7868.0,18.9893333333333,-155.451,3.59
df_EQ Data.csv,133,7863.0,19.2555,-155.395666666667,3.45
df_EQ Data.csv,134,7863.0,19.2303333333333,-155.402166666667,4.46
df_EQ Data.csv,135,7861.0,19.226,-155.439333333333,3.49
df_EQ Data.csv,136,7858.0,19.3163333333333,-155.22,3.7
df_EQ Data.csv,137,7851.0,19.1898333333333,-155.49,3.51
df_EQ Data.csv,138,7848.0,18.8645,-155.235833333333,4.02
df_EQ Data.csv,139,7846.0,19.2545,-155.397833333333,3.41
df_EQ Data.csv,140,7842.0,19.2038333333333,-155.455333333333,2.19
df_EQ Data.csv,141,7838.0,19.3075,-155.215166666667,4.2
df_EQ Data.csv,142,7838.0,19.3055,-155.215,3.41
df_EQ Data.csv,143,7838.0,19.3045,-155.215166666667,3.63
df_EQ Data.csv,144,7836.0,19.2141666666667,-155.416166666667,3.21
df_EQ Data.csv,145,7834.0,19.2233333333333,-155.511166666667,3.2
df_EQ Data.csv,146,7823.0,19.1808333333333,-155.474666666667,2.89
df_EQ Data.csv,147,7811.0,19.758,-156.823,3.55
df_EQ Data.csv,148,7811.0,19.7785,-156.8165,3.43
df_EQ Data.csv,149,7806.0,19.2065,-155.464166666667,2.97
df_EQ Data.csv,150,7796.0,19.2185,-155.436333333333,3.13
df_EQ Data.csv,151,7796.0,19.2486666666667,-155.395166666667,2.96
df_EQ Data.csv,152,7788.0,19.2378333333333,-155.5135,4.27
df_EQ Data.csv,153,7788.0,19.2471666666667,-155.5095,3.9
df_EQ Data.csv,154,7786.0,19.4033333333333,-155.624,3.12
df_EQ Data.csv,155,7779.0,19.235,-155.404333333333,2.94
df_EQ Data.csv,156,7773.0,19.4833333333333,-155.428166666667,3.51
df_EQ Data.csv,157,7772.0,19.172,-155.475166666667,3.22
df_EQ Data.csv,158,7770.0,19.3325,-155.202166666667,4.07
df_EQ Data.csv,159,7767.0,19.1436666666667,-155.439,1.89
df_EQ Data.csv,160,7766.0,19.346,-155.415833333333,4.23
df_EQ Data.csv,161,7761.0,19.4663333333333,-155.5945,3.24
df_EQ Data.csv,162,7748.0,19.8415,-156.724166666667,3.8
df_EQ Data.csv,163,7746.0,19.2375,-155.5035,3.03
df_EQ Data.csv,164,7738.0,19.175,-155.477666666667,3.06
df_EQ Data.csv,165,7728.0,19.2096666666667,-155.414333333333,3.07
df_EQ Data.csv,166,7727.0,19.3523333333333,-155.079666666667,4.05
df_EQ Data.csv,167,7716.0,19.238,-155.405666666667,2.92
df_EQ Data.csv,168,7710.0,19.2183333333333,-155.400333333333,3.96
df_EQ Data.csv,169,7704.0,19.4288333333333,-155.6135,3.15
df_EQ Data.csv,170,7685.0,19.2356666666667,-155.411,3.57
df_EQ Data.csv,171,7685.0,19.2468333333333,-155.412166666667,3.32
df_EQ Data.csv,172,7685.0,19.1866666666667,-155.458,1.72
df_EQ Data.csv,173,7681.0,19.337,-155.111833333333,4.39
df_EQ Data.csv,174,7681.0,19.3995,-155.284666666667,2.58
df_EQ Data.csv,175,7679.0,19.1565,-155.512833333333,3.31
df_EQ Data.csv,176,7678.0,19.4103333333333,-155.297666666667,2.61
df_EQ Data.csv,177,7674.0,19.865,-155.568,4.36
df_EQ Data.csv,178,7668.0,19.3516666666667,-155.274,3.25
df_EQ Data.csv,179,7664.0,19.5126666666667,-155.662666666667,4.06
df_EQ Data.csv,180,7664.0,19.3813333333333,-155.236666666667,1.54
df_EQ Data.csv,181,7663.0,19.3911666666667,-155.273666666667,3.12
df_EQ Data.csv,182,7662.0,19.1763333333333,-155.474666666667,3.16
df_EQ Data.csv,183,7660.0,19.4101666666667,-155.269166666667,3.25
df_EQ Data.csv,184,7658.0,19.2465,-155.385333333333,3.0
df_EQ Data.csv,185,7651.0,19.2401666666667,-155.4085,3.15
df_EQ Data.csv,186,7651.0,19.239,-155.408666666667,2.07
df_EQ Data.csv,187,7646.0,19.2278333333333,-155.3895,3.05
df_EQ Data.csv,188,7643.0,19.9648333333333,-155.569333333333,3.84
df_EQ Data.csv,189,7632.0,19.2198333333333,-155.394833333333,3.48
df_EQ Data.csv,190,7631.0,19.2001666666667,-155.496666666667,2.88
df_EQ Data.csv,191,7629.0,19.422,-155.247833333333,2.77
df_EQ Data.csv,192,7626.0,19.2208333333333,-155.388666666667,3.51
df_EQ Data.csv,193,7624.0,19.4188333333333,-155.315333333333,3.5
df_EQ Data.csv,194,7624.0,19.4231666666667,-155.318666666667,2.3
df_EQ Data.csv,195,7623.0,19.4196666666667,-155.316833333333,3.04
df_EQ Data.csv,196,7620.0,19.4193325042725,-155.293670654297,2.23
df_EQ Data.csv,197,7602.0,19.919,-155.563333333333,3.46
df_EQ Data.csv,198,7580.0,20.2548333333333,-155.558666666667,2.91
df_EQ Data.csv,199,7579.0,19.2073333333333,-155.399,3.03
df_EQ Data.csv,200,7576.0,19.1926666666667,-155.466666666667,3.39
df_EQ Data.csv,201,7575.0,20.8905,-156.342833333333,3.67
df_EQ Data.csv,202,7565.0,19.2558,-155.4372,3.4
df_EQ Data.csv,203,7563.0,19.2,-155.469333333333,3.0
df_EQ Data.csv,204,7560.0,19.8805,-156.080833333333,3.4
df_EQ Data.csv,205,7556.0,20.002,-155.317,2.86
df_EQ Data.csv,206,7556.0,19.399,-155.255833333333,3.61
df_EQ Data.csv,207,7556.0,19.134,-155.548,3.49
df_EQ Data.csv,208,7550.0,18.7998333333333,-155.3705,3.48
df_EQ Data.csv,209,7541.0,19.2398333333333,-155.413,4.21
df_EQ Data.csv,210,7537.0,18.9313333333333,-155.461,4.67
df_EQ Data.csv,211,7528.0,19.2251666666667,-155.4095,3.01
df_EQ Data.csv,212,7527.0,19.2203333333333,-155.396666666667,3.3
df_EQ Data.csv,213,7517.0,19.2143333333333,-155.395666666667,3.51
df_EQ Data.csv,214,7514.0,19.2185,-155.391333333333,2.98
df_EQ Data.csv,215,7514.0,19.3398333333333,-155.122666666667,4.28
df_EQ Data.csv,216,7513.0,19.3258333333333,-155.115333333333,4.64
df_EQ Data.csv,217,7508.0,19.0741666666667,-155.374333333333,3.33
df_EQ Data.csv,218,7501.0,19.2281666666667,-155.3985,3.6
df_EQ Data.csv,219,7499.0,19.2121666666667,-155.414,3.42
df_EQ Data.csv,220,7491.0,19.2185,-155.4183333,3.38
df_EQ Data.csv,221,7491.0,19.2101667,-155.4648333,3.23
df_EQ Data.csv,222,7482.0,19.4243333,-155.6231667,3.21
df_EQ Data.csv,223,7481.0,19.231,-155.4181667,3.58
df_EQ Data.csv,224,7479.0,19.2161667,-155.4171667,3.5
df_EQ Data.csv,225,7477.0,19.2133333,-155.3956667,3.67
df_EQ Data.csv,226,7476.0,19.4436667,-155.3373333,3.27
df_EQ Data.csv,227,7475.0,19.2191667,-155.3778333,2.97
df_EQ Data.csv,228,7471.0,19.1968333,-155.3016667,2.65
df_EQ Data.csv,229,7471.0,19.2251667,-155.399,3.75
df_EQ Data.csv,230,7468.0,19.2346667,-155.4003333,3.04
df_EQ Data.csv,231,7466.0,19.3443333,-155.1951667,2.85
df_EQ Data.csv,232,7464.0,19.2181667,-155.4188333,3.26
df_EQ Data.csv,233,7463.0,19.2150002,-155.4203339,2.87
df_EQ Data.csv,234,7462.0,18.9206667,-155.1893333,3.34
df_EQ Data.csv,235,7462.0,18.8835,-155.1731667,3.82
df_EQ Data.csv,236,7462.0,18.8995,-155.1823333,3.42
df_EQ Data.csv,237,7462.0,18.9216667,-155.1786667,3.57
df_EQ Data.csv,238,7462.0,18.9248333,-155.1883333,3.51
df_EQ Data.csv,239,7462.0,18.9326667,-155.2161667,3.71
df_EQ Data.csv,240,7462.0,18.8613,-155.1804,3.9
df_EQ Data.csv,241,7462.0,18.9143333,-155.1885,3.31
df_EQ Data.csv,242,7462.0,18.9166667,-155.1641667,3.38
df_EQ Data.csv,243,7462.0,18.9345,-155.212,3.31
df_EQ Data.csv,244,7461.0,18.8755,-155.219,3.77
df_EQ Data.csv,245,7461.0,18.8706667,-155.2185,3.72
df_EQ Data.csv,246,7461.0,18.8766667,-155.2203333,3.94
df_EQ Data.csv,247,7460.0,19.2315,-155.4101667,3.17
df_EQ Data.csv,248,7457.0,19.5358333,-156.2691667,3.73
df_EQ Data.csv,249,7456.0,18.8116667,-155.8,3.85
df_EQ Data.csv,250,7454.0,19.2123333,-155.4028333,3.15
df_EQ Data.csv,251,7454.0,19.223,-155.403,3.25
df_EQ Data.csv,252,7433.0,19.2295,-155.4138333,3.04
df_EQ Data.csv,253,7432.0,19.2263333,-155.4146667,3.6
df_EQ Data.csv,254,7428.0,19.2286667,-155.4261667,3.12
df_EQ Data.csv,255,7414.0,19.2285,-155.4028333,3.2
df_EQ Data.csv,256,7411.0,19.3228333,-155.1106667,3.75
df_EQ Data.csv,257,7409.0,19.2165,-155.5426667,3.9
df_EQ Data.csv,258,7408.0,19.3571667,-155.058,3.18
df_EQ Data.csv,259,7388.0,19.1916667,-155.677,3.7
df_EQ Data.csv,260,7363.0,19.333,-155.2005,4.22
df_EQ Data.csv,261,7359.0,19.3361667,-154.9816667,3.81
df_EQ Data.csv,262,7337.0,19.3521667,-155.4946667,3.58
df_EQ Data.csv,263,7336.0,19.2263333,-155.4123333,3.53
df_EQ Data.csv,264,7276.0,19.8638333,-155.3561667,4.93
df_EQ Data.csv,265,7243.0,18.8745,-155.2608333,3.99
df_EQ Data.csv,266,7197.0,18.8383333,-155.2365,4.18
df_EQ Data.csv,267,7187.0,19.8073333,-155.0196667,4.52
df_EQ Data.csv,268,7185.0,19.3098333,-155.217,3.74
df_EQ Data.csv,269,7172.0,19.4206667,-155.6156667,3.33
df_EQ Data.csv,270,7171.0,19.4063333,-155.2941667,3.02
df_EQ Data.csv,271,7154.0,18.7928333,-155.2081667,3.51
df_EQ Data.csv,272,7149.0,19.3795,-155.232,3.82
df_EQ Data.csv,273,7147.0,19.302,-155.213,3.73
df_EQ Data.csv,274,7136.0,19.4548333,-155.6028333,3.14
df_EQ Data.csv,275,7083.0,19.3316667,-155.1055,4.24
df_EQ Data.csv,276,7083.0,19.2756667,-155.3695,1.64
df_EQ Data.csv,277,7069.0,19.742,-155.7905,5.34
df_EQ Data.csv,278,7055.0,20.2208333,-155.7825,3.66
df_EQ Data.csv,279,7048.0,19.3918333,-155.272,3.51
df_EQ Data.csv,280,7038.0,19.3258333,-155.2005,5.54
df_EQ Data.csv,281,7002.0,18.4768333,-156.2968333,4.62
df_EQ Data.csv,282,6992.0,19.4255,-155.6191667,3.47
df_EQ Data.csv,283,6956.0,19.4284,-157.1492,3.4
df_EQ Data.csv,284,6948.0,19.3263333,-155.1961667,3.49
df_EQ Data.csv,285,6893.0,20.5131667,-155.143,3.6
df_EQ Data.csv,286,6891.0,19.3488333,-155.1061667,3.83
df_EQ Data.csv,287,6885.0,19.945,-155.3038333,1.67
df_EQ Data.csv,288,6884.0,18.8715,-155.2341667,3.87
df_EQ Data.csv,289,6879.0,19.5173333,-155.6643333,3.61
df_EQ Data.csv,290,6868.0,20.1385,-155.7918333,3.95
df_EQ Data.csv,291,6861.0,19.3381667,-155.1086667,3.69
df_EQ Data.csv,292,6855.0,20.3826667,-156.9008333,3.66
df_EQ Data.csv,293,6851.0,19.7553333,-155.566,3.34
df_EQ Data.csv,294,6819.0,19.3703333,-155.0285,4.41
df_EQ Data.csv,295,6814.0,19.3898333,-155.268,3.47
df_EQ Data.csv,296,6814.0,19.4081667,-155.284,3.35
df_EQ Data.csv,297,6814.0,19.4146667,-155.2603333,3.56
df_EQ Data.csv,298,6814.0,19.4161667,-155.2738333,3.44
df_EQ Data.csv,299,6814.0,19.4135,-155.265,2.62
df_EQ Data.csv,300,6814.0,19.3991667,-155.2788333,3.28
df_EQ Data.csv,301,6814.0,19.4063333,-155.286,3.35
df_EQ Data.csv,302,6814.0,19.3955,-155.2728333,2.89
df_EQ Data.csv,303,6814.0,19.4161667,-155.2766667,3.96
df_EQ Data.csv,304,6813.0,19.4135,-155.2646667,3.11
df_EQ Data.csv,305,6812.0,19.4166667,-155.2743333,3.87
df_EQ Data.csv,306,6812.0,19.4175,-155.2705,3.54
df_EQ Data.csv,307,6812.0,19.4081667,-155.2606667,3.35
df_EQ Data.csv,308,6812.0,19.3658333,-155.278,2.69
df_EQ Data.csv,309,6812.0,19.3926667,-155.2726667,3.09
df_EQ Data.csv,310,6812.0,19.4136667,-155.2658333,3.53
df_EQ Data.csv,311,6812.0,19.4168333,-155.2776667,3.69
df_EQ Data.csv,312,6812.0,19.4065,-155.287,3.61
df_EQ Data.csv,313,6812.0,19.4111667,-155.284,3.07
df_EQ Data.csv,314,6812.0,19.4161667,-155.2706667,3.6
df_EQ Data.csv,315,6812.0,19.3998333,-155.2673333,2.72
df_EQ Data.csv,316,6812.0,19.4096667,-155.2643333,3.68
df_EQ Data.csv,317,6812.0,19.4066667,-155.2861667,3.36
df_EQ Data.csv,318,6812.0,19.4155,-155.2755,3.36
df_EQ Data.csv,319,6812.0,19.3996667,-155.2735,2.83
df_EQ Data.csv,320,6811.0,19.4125,-155.2655,2.92
df_EQ Data.csv,321,6811.0,19.4171667,-155.2765,3.28
df_EQ Data.csv,322,6811.0,19.4076667,-155.2841667,3.3
df_EQ Data.csv,323,6811.0,19.4181667,-155.2761667,3.36
df_EQ Data.csv,324,6811.0,19.4136667,-155.266,2.97
df_EQ Data.csv,325,6811.0,19.4081667,-155.2843333,3.11
df_EQ Data.csv,326,6811.0,19.3978333,-155.2621667,3.37
df_EQ Data.csv,327,6811.0,19.4141667,-155.2765,3.66
df_EQ Data.csv,328,6811.0,19.4123333,-155.2623333,3.29
df_EQ Data.csv,329,6811.0,19.4018333,-155.2895,4.11
df_EQ Data.csv,330,6811.0,19.4126667,-155.2845,3.7
df_EQ Data.csv,331,6811.0,19.4106667,-155.286,3.08
df_EQ Data.csv,332,6811.0,19.396,-155.2791667,3.24
df_EQ Data.csv,333,6811.0,19.4068333,-155.2606667,3.61
df_EQ Data.csv,334,6811.0,19.3988333,-155.2735,3.43
df_EQ Data.csv,335,6811.0,19.4163333,-155.2785,3.27
df_EQ Data.csv,336,6811.0,19.4145,-155.2641667,2.81
df_EQ Data.csv,337,6811.0,19.4148333,-155.2778333,3.47
df_EQ Data.csv,338,6810.0,19.401,-155.2633333,3.27
df_EQ Data.csv,339,6810.0,19.4135,-155.2613333,3.12
df_EQ Data.csv,340,6810.0,19.4153333,-155.2773333,3.33
df_EQ Data.csv,341,6810.0,19.3508333,-155.1226667,4.07
df_EQ Data.csv,342,6809.0,19.3911667,-155.2743333,3.65
df_EQ Data.csv,343,6809.0,19.42,-155.275,3.86
df_EQ Data.csv,344,6809.0,19.412,-155.2643333,3.71
df_EQ Data.csv,345,6809.0,19.316,-155.108,1.52
df_EQ Data.csv,346,6809.0,19.4,-155.2723333,3.39
df_EQ Data.csv,347,6809.0,19.4165,-155.277,3.4
df_EQ Data.csv,348,6809.0,19.4095,-155.2846667,3.38
df_EQ Data.csv,349,6809.0,19.41,-155.2716667,2.91
df_EQ Data.csv,350,6809.0,19.4006667,-155.2736667,3.61
df_EQ Data.csv,351,6809.0,19.4135,-155.2778333,2.83
df_EQ Data.csv,352,6809.0,19.4128333,-155.2616667,3.12
df_EQ Data.csv,353,6809.0,19.4178333,-155.2731667,3.31
df_EQ Data.csv,354,6809.0,19.4195,-155.2765,3.29
df_EQ Data.csv,355,6808.0,19.4076667,-155.2856667,3.37
df_EQ Data.csv,356,6808.0,19.391,-155.2811667,2.22
df_EQ Data.csv,357,6808.0,19.4111667,-155.2635,3.03
df_EQ Data.csv,358,6808.0,19.4095,-155.2698333,3.61
df_EQ Data.csv,359,6808.0,19.3945,-155.2783333,3.18
df_EQ Data.csv,360,6808.0,19.4101667,-155.2826667,3.26
df_EQ Data.csv,361,6808.0,19.417,-155.2783333,3.42
df_EQ Data.csv,362,6808.0,19.417,-155.2636667,2.9
df_EQ Data.csv,363,6808.0,19.3988333,-155.2771667,3.63
df_EQ Data.csv,364,6808.0,19.4066667,-155.2903333,3.27
df_EQ Data.csv,365,6808.0,19.4101667,-155.2691667,3.53
df_EQ Data.csv,366,6807.0,19.4088333,-155.261,3.37
df_EQ Data.csv,367,6807.0,19.416,-155.2775,3.44
df_EQ Data.csv,368,6807.0,19.1916667,-155.4978333,3.76
df_EQ Data.csv,369,6807.0,19.4085,-155.2868333,3.13
df_EQ Data.csv,370,6807.0,19.4125,-155.2656667,3.6
df_EQ Data.csv,371,6807.0,19.4473333,-155.4711667,1.04
df_EQ Data.csv,372,6806.0,19.413,-155.2653333,3.27
df_EQ Data.csv,373,6806.0,19.4113333,-155.2828333,2.76
df_EQ Data.csv,374,6806.0,19.4156667,-155.2631667,3.52
df_EQ Data.csv,375,6806.0,19.403,-155.272,3.47
df_EQ Data.csv,376,6806.0,19.4168333,-155.271,3.15
df_EQ Data.csv,377,6806.0,19.3916667,-155.278,3.17
df_EQ Data.csv,378,6806.0,19.516,-155.7196667,1.49
df_EQ Data.csv,379,6806.0,19.416,-155.277,3.41
df_EQ Data.csv,380,6806.0,19.3681667,-155.0126667,1.49
df_EQ Data.csv,381,6806.0,19.3955,-155.2676667,3.43
df_EQ Data.csv,382,6806.0,19.4076667,-155.2861667,3.09
df_EQ Data.csv,383,6806.0,19.3941667,-155.2788333,3.37
df_EQ Data.csv,384,6806.0,19.415,-155.2776667,3.6
df_EQ Data.csv,385,6806.0,19.3991667,-155.2828333,3.92
df_EQ Data.csv,386,6806.0,19.3995,-155.2645,3.57
df_EQ Data.csv,387,6806.0,19.4155,-155.2763333,3.62
df_EQ Data.csv,388,6806.0,19.4125,-155.2806667,2.75
df_EQ Data.csv,389,6805.0,19.414,-155.2643333,3.02
df_EQ Data.csv,390,6805.0,19.4125,-155.2768333,2.81
df_EQ Data.csv,391,6804.0,19.4141667,-155.2821667,5.3
df_EQ Data.csv,392,6804.0,19.418,-155.271,2.96
df_EQ Data.csv,393,6804.0,19.4105,-155.2638333,3.44
df_EQ Data.csv,394,6804.0,19.4001667,-155.2736667,3.36
df_EQ Data.csv,395,6804.0,19.3973333,-155.2683333,3.55
df_EQ Data.csv,396,6804.0,19.409,-155.2688333,2.65
df_EQ Data.csv,397,6804.0,19.4068333,-155.2858333,3.12
df_EQ Data.csv,398,6804.0,19.4141667,-155.2625,3.59
df_EQ Data.csv,399,6804.0,19.415,-155.2728333,3.26
df_EQ Data.csv,400,6804.0,19.4165,-155.2596667,3.0
df_EQ Data.csv,401,6804.0,19.4108333,-155.2916667,3.03
df_EQ Data.csv,402,6804.0,19.3978333,-155.267,2.74
df_EQ Data.csv,403,6804.0,19.4153333,-155.276,3.82
df_EQ Data.csv,404,6803.0,19.4101667,-155.2833333,5.3
df_EQ Data.csv,405,6803.0,19.4048333,-155.287,3.6
df_EQ Data.csv,406,6803.0,19.396,-155.2665,3.84
df_EQ Data.csv,407,6803.0,19.4145,-155.2636667,3.01
df_EQ Data.csv,408,6803.0,19.4048333,-155.2735,3.01
df_EQ Data.csv,409,6803.0,19.4121667,-155.2626667,3.12
df_EQ Data.csv,410,6803.0,19.4151667,-155.276,3.2
df_EQ Data.csv,411,6803.0,19.4131667,-155.2753333,3.57
df_EQ Data.csv,412,6803.0,19.399,-155.2755,3.62
df_EQ Data.csv,413,6802.0,19.4138333,-155.2635,3.41
df_EQ Data.csv,414,6802.0,19.4105,-155.2795,3.67
df_EQ Data.csv,415,6802.0,19.399,-155.269,3.4
df_EQ Data.csv,416,6802.0,19.3985,-155.2811667,3.23
df_EQ Data.csv,417,6802.0,19.4,-155.2733333,2.64
df_EQ Data.csv,418,6802.0,19.414,-155.283,3.57
df_EQ Data.csv,419,6802.0,19.413,-155.2615,3.06
df_EQ Data.csv,420,6802.0,19.4126667,-155.2625,3.24
df_EQ Data.csv,421,6801.0,19.4018333,-155.288,5.3
df_EQ Data.csv,422,6801.0,19.3871,-155.273,3.8
df_EQ Data.csv,423,6801.0,19.4146667,-155.2786667,3.54
df_EQ Data.csv,424,6801.0,19.3968333,-155.2766667,3.32
df_EQ Data.csv,425,6801.0,19.4071667,-155.2863333,2.68
df_EQ Data.csv,426,6801.0,19.4125,-155.2613333,3.02
df_EQ Data.csv,427,6801.0,19.4145,-155.278,3.43
df_EQ Data.csv,428,6801.0,19.4165,-155.28,3.46
df_EQ Data.csv,429,6801.0,19.4116667,-155.263,3.09
df_EQ Data.csv,430,6801.0,19.4111667,-155.2738333,3.55
df_EQ Data.csv,431,6801.0,19.4091667,-155.2691667,3.39
df_EQ Data.csv,432,6801.0,19.4125,-155.2616667,3.1
df_EQ Data.csv,433,6801.0,19.4105,-155.2818333,2.37
df_EQ Data.csv,434,6801.0,19.4135,-155.266,3.34
df_EQ Data.csv,435,6801.0,19.3976667,-155.2793333,3.55
df_EQ Data.csv,436,6801.0,19.4078333,-155.2865,3.16
df_EQ Data.csv,437,6801.0,19.4166667,-155.2768333,3.51
df_EQ Data.csv,438,6801.0,19.3973333,-155.2761667,3.31
df_EQ Data.csv,439,6801.0,19.4073333,-155.2855,3.12
df_EQ Data.csv,440,6801.0,19.4061667,-155.2886667,2.48
df_EQ Data.csv,441,6800.0,19.4163333,-155.2778333,3.39
df_EQ Data.csv,442,6800.0,19.4078333,-155.263,2.3
df_EQ Data.csv,443,6800.0,19.4121667,-155.2645,3.26
df_EQ Data.csv,444,6800.0,19.4103333,-155.2816667,5.3
df_EQ Data.csv,445,6800.0,19.4131667,-155.266,3.65
df_EQ Data.csv,446,6800.0,19.3961667,-155.2733333,3.03
df_EQ Data.csv,447,6799.0,19.4106667,-155.2818333,3.55
df_EQ Data.csv,448,6799.0,19.4155,-155.2748333,3.64
df_EQ Data.csv,449,6799.0,19.4126667,-155.2608333,3.04
df_EQ Data.csv,450,6799.0,19.4175,-155.267,3.01
df_EQ Data.csv,451,6799.0,19.4021667,-155.2886667,3.65
df_EQ Data.csv,452,6799.0,19.4001667,-155.2786667,3.3
df_EQ Data.csv,453,6799.0,19.3998333,-155.27,2.99
df_EQ Data.csv,454,6799.0,19.4081667,-155.278,3.35
df_EQ Data.csv,455,6799.0,19.4131667,-155.2616667,3.19
df_EQ Data.csv,456,6799.0,19.3996667,-155.268,3.38
df_EQ Data.csv,457,6799.0,19.4153333,-155.276,3.56
df_EQ Data.csv,458,6799.0,19.4101667,-155.2645,0.89
df_EQ Data.csv,459,6799.0,19.416,-155.2635,3.44
df_EQ Data.csv,460,6799.0,19.4128333,-155.2636667,3.39
df_EQ Data.csv,461,6799.0,19.4151667,-155.264,3.82
df_EQ Data.csv,462,6799.0,19.3978333,-155.2678333,3.27
df_EQ Data.csv,463,6799.0,19.4128333,-155.2683333,3.41
df_EQ Data.csv,464,6799.0,19.399,-155.2681667,3.53
df_EQ Data.csv,465,6799.0,19.415,-155.264,3.29
df_EQ Data.csv,466,6799.0,19.4108333,-155.2771667,2.81
df_EQ Data.csv,467,6799.0,19.3975,-155.269,3.48
df_EQ Data.csv,468,6798.0,19.202,-155.4525,1.73
df_EQ Data.csv,469,6798.0,19.3961667,-155.2748333,5.3
df_EQ Data.csv,470,6798.0,19.3966667,-155.2611667,3.16
df_EQ Data.csv,471,6798.0,19.4145,-155.2651667,3.28
df_EQ Data.csv,472,6798.0,19.4163333,-155.278,3.25
df_EQ Data.csv,473,6798.0,19.3993333,-155.263,2.34
df_EQ Data.csv,474,6798.0,19.3391667,-155.1356667,0.68
df_EQ Data.csv,475,6798.0,19.413,-155.2765,2.95
df_EQ Data.csv,476,6798.0,19.4138333,-155.2623333,2.99
df_EQ Data.csv,477,6798.0,19.4163333,-155.2791667,3.85
df_EQ Data.csv,478,6798.0,19.4126667,-155.2625,3.04
df_EQ Data.csv,479,6798.0,19.4118333,-155.2653333,3.29
df_EQ Data.csv,480,6798.0,19.4161667,-155.2776667,3.62
df_EQ Data.csv,481,6798.0,19.4163333,-155.2776667,2.88
df_EQ Data.csv,482,6798.0,19.4153333,-155.2608333,3.34
df_EQ Data.csv,483,6798.0,19.4168333,-155.2718333,2.78
df_EQ Data.csv,484,6798.0,19.4036667,-155.2865,2.42
df_EQ Data.csv,485,6798.0,19.4105,-155.2835,2.55
df_EQ Data.csv,486,6797.0,19.4111667,-155.2741667,3.72
df_EQ Data.csv,487,6797.0,19.4133333,-155.2651667,3.33
df_EQ Data.csv,488,6797.0,19.413,-155.2626667,3.52
df_EQ Data.csv,489,6796.0,19.3995,-155.2775,5.3
df_EQ Data.csv,490,6796.0,19.3993333,-155.2765,4.04
df_EQ Data.csv,491,6796.0,19.4161667,-155.2756667,3.71
df_EQ Data.csv,492,6796.0,19.4133333,-155.265,3.25
df_EQ Data.csv,493,6796.0,19.4013333,-155.2688333,3.56
df_EQ Data.csv,494,6796.0,19.4135,-155.2658333,3.22
df_EQ Data.csv,495,6796.0,19.4106667,-155.2753333,3.69
df_EQ Data.csv,496,6796.0,19.4033333,-155.2718333,2.91
df_EQ Data.csv,497,6796.0,19.4113333,-155.2635,3.13
df_EQ Data.csv,498,6796.0,19.4163333,-155.2778333,3.73
df_EQ Data.csv,499,6796.0,19.4005,-155.2698333,2.61
df_EQ Data.csv,500,6796.0,19.4141667,-155.273,2.77
df_EQ Data.csv,501,6795.0,19.4006667,-155.2725,3.85
df_EQ Data.csv,502,6795.0,19.4116667,-155.2625,3.12
df_EQ Data.csv,503,6795.0,19.4085,-155.2846667,3.13
df_EQ Data.csv,504,6795.0,19.4165,-155.277,3.79
df_EQ Data.csv,505,6795.0,19.4131667,-155.2635,3.47
df_EQ Data.csv,506,6795.0,19.3955,-155.2806667,3.3
df_EQ Data.csv,507,6795.0,19.4,-155.266,3.33
df_EQ Data.csv,508,6795.0,19.4165,-155.278,3.6
df_EQ Data.csv,509,6795.0,19.4158333,-155.271,3.29
df_EQ Data.csv,510,6795.0,19.4001667,-155.2745,3.16
df_EQ Data.csv,511,6795.0,19.4168333,-155.2766667,3.73
df_EQ Data.csv,512,6795.0,19.4128333,-155.2615,3.41
df_EQ Data.csv,513,6794.0,19.4116667,-155.2751667,3.54
df_EQ Data.csv,514,6794.0,19.4128333,-155.2631667,3.21
df_EQ Data.csv,515,6794.0,19.4003333,-155.2886667,2.72
df_EQ Data.csv,516,6794.0,19.3975,-155.2905,3.54
df_EQ Data.csv,517,6794.0,19.4193333,-155.2768333,4.36
df_EQ Data.csv,518,6794.0,19.3996667,-155.2678333,3.1
df_EQ Data.csv,519,6794.0,19.4175,-155.276,3.86
df_EQ Data.csv,520,6794.0,19.4131667,-155.2663333,3.57
df_EQ Data.csv,521,6794.0,19.4031667,-155.2748333,3.37
df_EQ Data.csv,522,6793.0,19.4108333,-155.2791667,3.34
df_EQ Data.csv,523,6793.0,19.3961667,-155.2883333,3.3
df_EQ Data.csv,524,6793.0,19.4175,-155.2663333,3.26
df_EQ Data.csv,525,6793.0,19.413,-155.262,3.36
df_EQ Data.csv,526,6793.0,19.3703333,-154.9735,3.63
df_EQ Data.csv,527,6793.0,19.4116667,-155.2605,3.26
df_EQ Data.csv,528,6793.0,19.4138333,-155.2778333,3.39
df_EQ Data.csv,529,6793.0,19.4173333,-155.2731667,2.5
df_EQ Data.csv,530,6793.0,19.4135,-155.265,3.25
df_EQ Data.csv,531,6792.0,19.4188333,-155.2746667,3.63
df_EQ Data.csv,532,6792.0,19.4131667,-155.2645,3.38
df_EQ Data.csv,533,6792.0,19.4138333,-155.2636667,3.25
df_EQ Data.csv,534,6792.0,19.3995,-155.2658333,3.56
df_EQ Data.csv,535,6792.0,19.406,-155.2851667,3.52
df_EQ Data.csv,536,6792.0,19.4093333,-155.281,3.38
df_EQ Data.csv,537,6792.0,19.4151667,-155.2773333,3.77
df_EQ Data.csv,538,6792.0,19.4136667,-155.2645,3.31
df_EQ Data.csv,539,6792.0,19.413,-155.2636667,3.22
df_EQ Data.csv,540,6792.0,19.4123333,-155.2658333,3.18
df_EQ Data.csv,541,6791.0,19.4183333,-155.2796667,3.63
df_EQ Data.csv,542,6791.0,19.4126667,-155.2656667,3.25
df_EQ Data.csv,543,6791.0,19.4096667,-155.2783333,3.25
df_EQ Data.csv,544,6791.0,19.3818333,-154.9623333,1.48
df_EQ Data.csv,545,6791.0,19.3995,-155.2855,3.45
df_EQ Data.csv,546,6791.0,19.4126667,-155.2685,3.6
df_EQ Data.csv,547,6791.0,19.399,-155.2773333,3.66
df_EQ Data.csv,548,6791.0,19.4188333,-155.2736667,3.63
df_EQ Data.csv,549,6791.0,19.332,-155.1418333,0.99
df_EQ Data.csv,550,6791.0,19.4141667,-155.2625,3.32
df_EQ Data.csv,551,6791.0,19.4163333,-155.2773333,3.51
df_EQ Data.csv,552,6791.0,19.4151667,-155.272,2.05
df_EQ Data.csv,553,6791.0,19.4013333,-155.264,3.36
df_EQ Data.csv,554,6791.0,19.2115,-155.4068333,3.79
df_EQ Data.csv,555,6791.0,19.1941667,-155.3968333,2.76
df_EQ Data.csv,556,6791.0,19.4133333,-155.2596667,3.33
df_EQ Data.csv,557,6791.0,19.4143333,-155.2853333,2.94
df_EQ Data.csv,558,6791.0,19.4065,-155.2865,3.2
df_EQ Data.csv,559,6791.0,19.404,-155.2738333,3.59
df_EQ Data.csv,560,6791.0,19.4146667,-155.2771667,3.58
df_EQ Data.csv,561,6791.0,19.4143333,-155.2635,3.3
df_EQ Data.csv,562,6791.0,19.4135,-155.2626667,3.27
df_EQ Data.csv,563,6791.0,19.4126667,-155.276,2.92
df_EQ Data.csv,564,6791.0,19.401,-155.2905,3.13
df_EQ Data.csv,565,6791.0,19.3996667,-155.2653333,2.71
df_EQ Data.csv,566,6791.0,19.4155,-155.2618333,3.96
df_EQ Data.csv,567,6791.0,19.4181667,-155.2763333,3.42
df_EQ Data.csv,568,6791.0,19.414,-155.2753333,2.77
df_EQ Data.csv,569,6791.0,19.4008333,-155.2663333,3.03
df_EQ Data.csv,570,6790.0,19.411,-155.2823333,3.34
df_EQ Data.csv,571,6790.0,19.4113333,-155.2605,3.09
df_EQ Data.csv,572,6790.0,19.397,-155.2736667,3.59
df_EQ Data.csv,573,6790.0,19.416,-155.2746667,3.76
df_EQ Data.csv,574,6790.0,19.4141667,-155.2648333,3.39
df_EQ Data.csv,575,6790.0,19.4835,-155.4351667,1.18
df_EQ Data.csv,576,6790.0,19.4135,-155.2636667,3.19
df_EQ Data.csv,577,6790.0,19.3981667,-155.269,3.54
df_EQ Data.csv,578,6790.0,19.4131667,-155.2625,3.08
df_EQ Data.csv,579,6790.0,19.4168333,-155.2733333,3.43
df_EQ Data.csv,580,6790.0,19.4136667,-155.265,3.23
df_EQ Data.csv,581,6790.0,19.3266667,-155.1405,1.51
df_EQ Data.csv,582,6789.0,19.4151667,-155.2765,3.51
df_EQ Data.csv,583,6789.0,19.4138333,-155.2596667,3.33
df_EQ Data.csv,584,6789.0,19.4145,-155.2698333,2.57
df_EQ Data.csv,585,6789.0,19.4011667,-155.2676667,3.64
df_EQ Data.csv,586,6789.0,19.4093333,-155.2635,3.92
df_EQ Data.csv,587,6789.0,19.9793333,-155.5168333,2.2
df_EQ Data.csv,588,6788.0,19.41,-155.2631667,3.64
df_EQ Data.csv,589,6788.0,19.398,-155.2686667,3.0
df_EQ Data.csv,590,6788.0,19.4165,-155.2775,3.59
df_EQ Data.csv,591,6788.0,19.4155,-155.2623333,3.16
df_EQ Data.csv,592,6788.0,19.4163333,-155.2606667,2.92
df_EQ Data.csv,593,6788.0,19.4075,-155.287,2.56
df_EQ Data.csv,594,6788.0,19.399,-155.2775,3.57
df_EQ Data.csv,595,6788.0,19.3998333,-155.2655,3.02
df_EQ Data.csv,596,6788.0,19.416,-155.2746667,3.81
df_EQ Data.csv,597,6788.0,19.4121667,-155.2635,3.15
df_EQ Data.csv,598,6788.0,19.4123333,-155.2636667,3.06
df_EQ Data.csv,599,6788.0,19.4138333,-155.2628333,3.2
df_EQ Data.csv,600,6788.0,19.4006667,-155.2835,1.74
df_EQ Data.csv,601,6788.0,19.4128333,-155.2658333,3.33
df_EQ Data.csv,602,6788.0,19.4153333,-155.2781667,3.74
df_EQ Data.csv,603,6788.0,19.4131667,-155.2626667,3.3
df_EQ Data.csv,604,6787.0,19.4013333,-155.27,2.92
df_EQ Data.csv,605,6787.0,19.4191667,-155.275,3.26
df_EQ Data.csv,606,6787.0,19.4163333,-155.2786667,3.28
df_EQ Data.csv,607,6787.0,19.4083333,-155.2803333,3.81
df_EQ Data.csv,608,6787.0,19.4146667,-155.262,3.05
df_EQ Data.csv,609,6787.0,19.6158333,-155.8566667,2.14
df_EQ Data.csv,610,6787.0,19.4138333,-155.2775,3.31
df_EQ Data.csv,611,6787.0,19.4148333,-155.275,2.77
df_EQ Data.csv,612,6787.0,19.4143333,-155.2615,3.23
df_EQ Data.csv,613,6786.0,19.4086667,-155.2733333,3.52
df_EQ Data.csv,614,6786.0,19.4015,-155.2675,3.6
df_EQ Data.csv,615,6786.0,19.4143333,-155.2636667,3.2
df_EQ Data.csv,616,6786.0,19.399,-155.2746667,3.29
df_EQ Data.csv,617,6786.0,19.416,-155.2766667,3.72
df_EQ Data.csv,618,6786.0,19.4125,-155.2663333,3.3
df_EQ Data.csv,619,6786.0,19.4093333,-155.2718333,3.7
df_EQ Data.csv,620,6786.0,19.4016667,-155.2676667,3.26
df_EQ Data.csv,621,6785.0,19.418,-155.2783333,3.89
df_EQ Data.csv,622,6785.0,19.403,-155.2641667,2.44
df_EQ Data.csv,623,6785.0,19.4096667,-155.2621667,3.57
df_EQ Data.csv,624,6785.0,19.4158333,-155.279,3.72
df_EQ Data.csv,625,6785.0,19.4138333,-155.2623333,3.81
df_EQ Data.csv,626,6785.0,19.4073333,-155.2625,2.43
df_EQ Data.csv,627,6785.0,19.4045,-155.275,3.86
df_EQ Data.csv,628,6785.0,19.3991667,-155.2708333,3.27
df_EQ Data.csv,629,6785.0,19.4148333,-155.2775,3.73
df_EQ Data.csv,630,6784.0,19.415,-155.2786667,3.82
df_EQ Data.csv,631,6784.0,19.4138333,-155.264,3.55
df_EQ Data.csv,632,6784.0,19.4176667,-155.2778333,3.63
df_EQ Data.csv,633,6784.0,19.4173333,-155.2658333,3.11
df_EQ Data.csv,634,6784.0,19.364,-154.9996667,1.39
df_EQ Data.csv,635,6784.0,19.4081667,-155.2628333,3.56
df_EQ Data.csv,636,6784.0,19.4145,-155.2746667,3.45
df_EQ Data.csv,637,6784.0,19.3973333,-155.269,3.2
df_EQ Data.csv,638,6784.0,19.416,-155.2768333,3.61
df_EQ Data.csv,639,6784.0,19.4093333,-155.2608333,2.88
df_EQ Data.csv,640,6784.0,19.411,-155.2621667,2.91
df_EQ Data.csv,641,6783.0,19.416,-155.2746667,5.3
df_EQ Data.csv,642,6783.0,19.4185,-155.2875,3.84
df_EQ Data.csv,643,6783.0,19.3998333,-155.266,3.58
df_EQ Data.csv,644,6783.0,19.4128333,-155.2668333,3.46
df_EQ Data.csv,645,6783.0,19.4143333,-155.2746667,3.3
df_EQ Data.csv,646,6783.0,19.4001667,-155.2673333,2.78
df_EQ Data.csv,647,6783.0,19.1901667,-155.4193333,1.53
df_EQ Data.csv,648,6783.0,19.4155,-155.2786667,3.89
df_EQ Data.csv,649,6783.0,19.4176667,-155.2763333,3.98
df_EQ Data.csv,650,6783.0,19.4128333,-155.2643333,3.61
df_EQ Data.csv,651,6783.0,19.4106667,-155.2705,3.17
df_EQ Data.csv,652,6783.0,19.1863333,-155.467,2.16
df_EQ Data.csv,653,6782.0,19.415,-155.2625,3.29
df_EQ Data.csv,654,6782.0,19.2018333,-155.4516667,3.18
df_EQ Data.csv,655,6782.0,19.399,-155.2723333,3.71
df_EQ Data.csv,656,6782.0,19.398,-155.2706667,3.71
df_EQ Data.csv,657,6782.0,19.4183333,-155.2713333,3.33
df_EQ Data.csv,658,6782.0,19.4136667,-155.2901667,3.52
df_EQ Data.csv,659,6782.0,19.4195,-155.2851667,3.67
df_EQ Data.csv,660,6782.0,19.4136667,-155.275,2.62
df_EQ Data.csv,661,6782.0,19.4141667,-155.277,3.7
df_EQ Data.csv,662,6782.0,19.4145,-155.2766667,3.79
df_EQ Data.csv,663,6782.0,19.4171667,-155.273,3.69
df_EQ Data.csv,664,6782.0,19.4123333,-155.2616667,3.79
df_EQ Data.csv,665,6782.0,19.415,-155.2753333,3.61
df_EQ Data.csv,666,6782.0,19.4173333,-155.2775,3.87
df_EQ Data.csv,667,6782.0,19.4088333,-155.2611667,3.72
df_EQ Data.csv,668,6782.0,19.4125,-155.2758333,3.6
df_EQ Data.csv,669,6782.0,19.4095,-155.2826667,2.92
df_EQ Data.csv,670,6781.0,19.3976667,-155.2741667,3.66
df_EQ Data.csv,671,6781.0,19.4111667,-155.2755,3.72
df_EQ Data.csv,672,6781.0,19.517,-156.0826667,2.37
df_EQ Data.csv,673,6781.0,19.415,-155.2773333,3.78
df_EQ Data.csv,674,6781.0,19.3995,-155.2691667,3.02
df_EQ Data.csv,675,6781.0,19.4185,-155.2726667,3.59
df_EQ Data.csv,676,6781.0,19.4113333,-155.2818333,3.23
df_EQ Data.csv,677,6781.0,19.3388333,-155.2948333,3.79
df_EQ Data.csv,678,6780.0,19.4166667,-155.2806667,3.38
df_EQ Data.csv,679,6780.0,19.4161667,-155.2743333,3.4
df_EQ Data.csv,680,6780.0,19.4135,-155.2715,3.1
df_EQ Data.csv,681,6780.0,19.4176667,-155.2665,3.44
df_EQ Data.csv,682,6780.0,19.4118333,-155.2681667,3.5
df_EQ Data.csv,683,6780.0,19.4,-155.26,3.54
df_EQ Data.csv,684,6780.0,19.4193333,-155.2751667,3.41
df_EQ Data.csv,685,6780.0,19.4126667,-155.2755,3.35
df_EQ Data.csv,686,6780.0,19.4005,-155.2748333,3.53
df_EQ Data.csv,687,6780.0,19.4143333,-155.2795,3.31
df_EQ Data.csv,688,6780.0,19.4183333,-155.2751667,4.18
df_EQ Data.csv,689,6780.0,19.398,-155.2748333,3.97
df_EQ Data.csv,690,6780.0,19.4138333,-155.2651667,3.36
df_EQ Data.csv,691,6780.0,19.4,-155.2703333,3.21
df_EQ Data.csv,692,6780.0,19.418,-155.2768333,4.11
df_EQ Data.csv,693,6780.0,19.3186667,-155.1813333,0.72
df_EQ Data.csv,694,6779.0,19.4136667,-155.2805,5.2
df_EQ Data.csv,695,6779.0,19.4131667,-155.2755,3.67
df_EQ Data.csv,696,6779.0,19.3966667,-155.2758333,3.73
df_EQ Data.csv,697,6779.0,19.3993333,-155.2691667,3.04
df_EQ Data.csv,698,6779.0,19.4143333,-155.2655,3.5
df_EQ Data.csv,699,6779.0,19.4168333,-155.2773333,3.45
df_EQ Data.csv,700,6779.0,19.412,-155.2846667,3.31
df_EQ Data.csv,701,6779.0,19.4016667,-155.2661667,3.49
df_EQ Data.csv,702,6779.0,19.4168333,-155.2761667,3.57
df_EQ Data.csv,703,6779.0,19.4166667,-155.2765,4.07
df_EQ Data.csv,704,6779.0,19.4143333,-155.2755,3.29
df_EQ Data.csv,705,6779.0,19.3958333,-155.2758333,3.33
df_EQ Data.csv,706,6779.0,19.41,-155.2631667,3.54
df_EQ Data.csv,707,6779.0,19.4165,-155.2781667,3.65
df_EQ Data.csv,708,6779.0,19.4153333,-155.2755,3.5
df_EQ Data.csv,709,6779.0,19.412,-155.2691667,3.53
df_EQ Data.csv,710,6778.0,19.4158333,-155.276,3.0
df_EQ Data.csv,711,6778.0,19.417,-155.2725,3.45
df_EQ Data.csv,712,6778.0,19.4281667,-155.2523333,3.64
df_EQ Data.csv,713,6778.0,19.4005,-155.2703333,3.31
df_EQ Data.csv,714,6778.0,19.4166667,-155.2678333,3.2
df_EQ Data.csv,715,6778.0,19.4156667,-155.2891667,3.46
df_EQ Data.csv,716,6778.0,19.4108333,-155.2816667,3.6
df_EQ Data.csv,717,6778.0,19.3988333,-155.2765,3.83
df_EQ Data.csv,718,6778.0,19.4173333,-155.2783333,3.98
df_EQ Data.csv,719,6778.0,19.4126667,-155.2763333,3.59
df_EQ Data.csv,720,6778.0,19.417,-155.2781667,4.07
df_EQ Data.csv,721,6778.0,19.4186667,-155.2791667,4.03
df_EQ Data.csv,722,6778.0,19.3985,-155.2738333,3.72
df_EQ Data.csv,723,6778.0,19.4146667,-155.277,3.06
df_EQ Data.csv,724,6777.0,19.4161667,-155.2788333,3.92
df_EQ Data.csv,725,6777.0,19.4083333,-155.2716667,3.66
df_EQ Data.csv,726,6777.0,19.4218333,-155.2895,3.78
df_EQ Data.csv,727,6777.0,19.3993333,-155.273,3.71
df_EQ Data.csv,728,6777.0,19.4175,-155.2823333,3.04
df_EQ Data.csv,729,6777.0,19.4118333,-155.2748333,3.51
df_EQ Data.csv,730,6777.0,19.417,-155.2755,3.52
df_EQ Data.csv,731,6777.0,19.397,-155.2693333,3.89
df_EQ Data.csv,732,6777.0,19.3986667,-155.2761667,3.43
df_EQ Data.csv,733,6776.0,19.3971667,-155.269,3.27
df_EQ Data.csv,734,6776.0,19.4163333,-155.277,3.68
df_EQ Data.csv,735,6776.0,19.4003333,-155.2733333,3.71
df_EQ Data.csv,736,6776.0,19.4166667,-155.2763333,3.59
df_EQ Data.csv,737,6776.0,19.4163333,-155.278,3.83
df_EQ Data.csv,738,6776.0,19.4026667,-155.2663333,3.03
df_EQ Data.csv,739,6776.0,19.4181667,-155.2775,3.36
df_EQ Data.csv,740,6776.0,19.3983333,-155.2736667,3.61
df_EQ Data.csv,741,6776.0,19.4146667,-155.2788333,3.67
df_EQ Data.csv,742,6776.0,19.4158333,-155.2783333,3.87
df_EQ Data.csv,743,6776.0,19.3965,-155.274,3.3
df_EQ Data.csv,744,6776.0,19.4078333,-155.2796667,3.65
df_EQ Data.csv,745,6776.0,19.202,-155.4511667,3.6
df_EQ Data.csv,746,6776.0,19.4115,-155.283,5.2
df_EQ Data.csv,747,6776.0,19.3951667,-155.2753333,3.76
df_EQ Data.csv,748,6776.0,19.4188333,-155.273,3.53
df_EQ Data.csv,749,6776.0,19.3106667,-155.1396667,1.88
df_EQ Data.csv,750,6776.0,19.4178333,-155.2786667,3.63
df_EQ Data.csv,751,6776.0,19.4148333,-155.2753333,3.45
df_EQ Data.csv,752,6776.0,19.3993333,-155.2753333,3.32
df_EQ Data.csv,753,6776.0,19.4158333,-155.2765,3.55
df_EQ Data.csv,754,6775.0,19.4105,-155.2691667,3.48
df_EQ Data.csv,755,6775.0,19.398,-155.2716667,4.28
df_EQ Data.csv,756,6775.0,19.4003333,-155.2731667,3.72
df_EQ Data.csv,757,6775.0,19.4166667,-155.2786667,3.53
df_EQ Data.csv,758,6775.0,19.3998333,-155.2741667,3.66
df_EQ Data.csv,759,6775.0,19.3991667,-155.274,3.71
df_EQ Data.csv,760,6775.0,19.3996667,-155.2758333,3.33
df_EQ Data.csv,761,6775.0,19.4123333,-155.2631667,3.67
df_EQ Data.csv,762,6775.0,19.4126667,-155.2833333,3.93
df_EQ Data.csv,763,6775.0,19.4156667,-155.276,3.76
df_EQ Data.csv,764,6775.0,19.3908333,-155.2695,3.53
df_EQ Data.csv,765,6775.0,19.3986667,-155.2756667,2.7
df_EQ Data.csv,766,6775.0,19.4161667,-155.274,2.77
df_EQ Data.csv,767,6775.0,19.4168333,-155.275,3.58
df_EQ Data.csv,768,6774.0,19.4121667,-155.2836667,3.12
df_EQ Data.csv,769,6774.0,19.3988333,-155.273,3.04
df_EQ Data.csv,770,6774.0,19.3983333,-155.2718333,3.93
df_EQ Data.csv,771,6774.0,19.3965,-155.2756667,3.75
df_EQ Data.csv,772,6774.0,19.4153333,-155.2878333,2.86
df_EQ Data.csv,773,6774.0,19.418,-155.2775,2.65
df_EQ Data.csv,774,6774.0,19.3983333,-155.273,3.1
df_EQ Data.csv,775,6774.0,19.4113333,-155.2815,3.13
df_EQ Data.csv,776,6774.0,19.3968333,-155.2746667,3.09
df_EQ Data.csv,777,6774.0,19.4171667,-155.2756667,2.96
df_EQ Data.csv,778,6774.0,19.3917,-154.9753,3.5
df_EQ Data.csv,779,6774.0,19.3971667,-155.2716667,3.61
df_EQ Data.csv,780,6774.0,19.3991667,-155.2736667,3.4
df_EQ Data.csv,781,6774.0,19.3998333,-155.2748333,3.16
df_EQ Data.csv,782,6774.0,19.3986667,-155.273,3.29
df_EQ Data.csv,783,6773.0,19.41,-155.2651667,3.54
df_EQ Data.csv,784,6773.0,19.3983333,-155.2721667,3.87
df_EQ Data.csv,785,6773.0,19.4121667,-155.2836667,3.63
df_EQ Data.csv,786,6773.0,19.4163333,-155.278,3.48
df_EQ Data.csv,787,6773.0,19.3985,-155.2713333,3.06
df_EQ Data.csv,788,6773.0,20.3085,-156.354,2.78
df_EQ Data.csv,789,6773.0,19.4238333,-155.2553333,2.97
df_EQ Data.csv,790,6773.0,19.4056667,-155.287,3.46
df_EQ Data.csv,791,6773.0,19.3995,-155.2736667,3.71
df_EQ Data.csv,792,6772.0,19.3958333,-155.2708333,3.63
df_EQ Data.csv,793,6772.0,19.4183331,-155.2731628,1.8
df_EQ Data.csv,794,6772.0,19.399,-155.2736667,3.55
df_EQ Data.csv,795,6772.0,19.3965,-155.2691667,3.61
df_EQ Data.csv,796,6772.0,19.3978333,-155.2731667,3.59
df_EQ Data.csv,797,6771.0,19.3973333,-155.2726667,3.18
df_EQ Data.csv,798,6771.0,19.3998333,-155.27,3.33
df_EQ Data.csv,799,6771.0,19.419,-155.2836667,3.66
df_EQ Data.csv,800,6771.0,19.4015,-155.2741667,3.26
df_EQ Data.csv,801,6771.0,19.3981667,-155.2723333,3.79
df_EQ Data.csv,802,6771.0,19.4118333,-155.263,2.05
df_EQ Data.csv,803,6771.0,19.3636667,-155.0453333,2.29
df_EQ Data.csv,804,6771.0,19.4153333,-155.283,3.4
df_EQ Data.csv,805,6771.0,19.3966667,-155.2713333,3.7
df_EQ Data.csv,806,6771.0,19.4141667,-155.274,3.4
df_EQ Data.csv,807,6771.0,19.4161667,-155.279,3.5
df_EQ Data.csv,808,6771.0,19.397,-155.2718333,3.52
df_EQ Data.csv,809,6771.0,19.4006667,-155.2746667,4.14
df_EQ Data.csv,810,6771.0,19.4113333,-155.2816667,3.7
df_EQ Data.csv,811,6770.0,19.4,-155.2741667,3.79
df_EQ Data.csv,812,6770.0,19.4,-155.2766667,3.36
df_EQ Data.csv,813,6770.0,19.397,-155.2718333,3.83
df_EQ Data.csv,814,6770.0,19.4141667,-155.2761667,3.53
df_EQ Data.csv,815,6770.0,19.4111667,-155.2811667,3.57
df_EQ Data.csv,816,6770.0,19.4158333,-154.9616667,1.39
df_EQ Data.csv,817,6770.0,19.3296667,-155.1046667,4.56
df_EQ Data.csv,818,6769.0,19.4106667,-155.271,4.15
df_EQ Data.csv,819,6769.0,19.4001667,-155.275,3.43
df_EQ Data.csv,820,6769.0,19.4035,-155.2641667,1.28
df_EQ Data.csv,821,6769.0,19.398,-155.2726667,1.79
df_EQ Data.csv,822,6769.0,19.3998333,-155.2715,3.54
df_EQ Data.csv,823,6769.0,19.4025,-155.2685,2.03
df_EQ Data.csv,824,6769.0,19.3975,-155.2716667,3.17
df_EQ Data.csv,825,6769.0,19.398,-155.2731667,3.3
df_EQ Data.csv,826,6768.0,19.499,-155.9745,1.39
df_EQ Data.csv,827,6768.0,19.3978333,-155.2785,3.97
df_EQ Data.csv,828,6768.0,19.4013333,-155.2778333,4.09
df_EQ Data.csv,829,6768.0,19.4178333,-155.276,3.76
df_EQ Data.csv,830,6768.0,19.3968333,-155.273,3.59
df_EQ Data.csv,831,6768.0,19.4121667,-155.2701667,3.52
df_EQ Data.csv,832,6768.0,19.3988333,-155.2745,3.97
df_EQ Data.csv,833,6768.0,19.416,-155.2781667,3.6
df_EQ Data.csv,834,6768.0,19.3995,-155.274,3.64
df_EQ Data.csv,835,6768.0,19.3986667,-155.2738333,3.77
df_EQ Data.csv,836,6767.0,19.4155,-155.2688333,0.67
df_EQ Data.csv,837,6767.0,19.4088333,-155.2798333,3.95
df_EQ Data.csv,838,6767.0,19.3995,-155.2705,3.84
df_EQ Data.csv,839,6767.0,19.4055,-155.2615,2.61
df_EQ Data.csv,840,6767.0,19.4016667,-155.2748333,4.21
df_EQ Data.csv,841,6767.0,19.3993333,-155.2731667,3.53
df_EQ Data.csv,842,6767.0,19.3988333,-155.2728333,4.02
df_EQ Data.csv,843,6767.0,19.3986667,-155.2755,3.57
df_EQ Data.csv,844,6767.0,19.4051667,-154.9031667,2.19
df_EQ Data.csv,845,6766.0,19.4025,-155.2678333,4.06
df_EQ Data.csv,846,6766.0,19.4001667,-155.2713333,1.96
df_EQ Data.csv,847,6766.0,19.4021667,-155.2738333,3.45
df_EQ Data.csv,848,6766.0,19.3981667,-155.272,3.5
df_EQ Data.csv,849,6766.0,19.3453333,-154.9756667,1.36
df_EQ Data.csv,850,6765.0,19.3981667,-155.2728333,3.95
df_EQ Data.csv,851,6765.0,19.4026667,-155.268,3.62
df_EQ Data.csv,852,6765.0,19.4113333,-155.2696667,3.93
df_EQ Data.csv,853,6765.0,19.4148333,-155.2878333,3.81
df_EQ Data.csv,854,6765.0,19.4188333,-155.2856667,3.73
df_EQ Data.csv,855,6765.0,19.4018333,-155.2731667,4.09
df_EQ Data.csv,856,6765.0,19.4053333,-155.2641667,2.84
df_EQ Data.csv,857,6765.0,19.3993333,-155.2691667,3.93
df_EQ Data.csv,858,6765.0,19.4101667,-155.282,2.91
df_EQ Data.csv,859,6765.0,19.4118333,-155.284,3.55
df_EQ Data.csv,860,6765.0,19.4005,-155.281,3.21
df_EQ Data.csv,861,6765.0,19.4001667,-155.2771667,3.95
df_EQ Data.csv,862,6765.0,19.4028333,-155.2746667,3.39
df_EQ Data.csv,863,6765.0,19.3995,-155.273,3.95
df_EQ Data.csv,864,6765.0,19.4101667,-155.2723333,3.04
df_EQ Data.csv,865,6764.0,19.4136667,-155.282,5.3
df_EQ Data.csv,866,6764.0,19.4006667,-155.2755,4.2
df_EQ Data.csv,867,6764.0,19.3971667,-155.272,3.78
df_EQ Data.csv,868,6764.0,19.3972,-155.272,3.8
df_EQ Data.csv,869,6764.0,19.4165,-155.2761667,3.6
df_EQ Data.csv,870,6764.0,19.4086667,-155.2706667,3.55
df_EQ Data.csv,871,6764.0,19.3976667,-155.2723333,3.49
df_EQ Data.csv,872,6764.0,19.399,-155.274,3.42
df_EQ Data.csv,873,6764.0,19.411,-155.2808333,3.42
df_EQ Data.csv,874,6763.0,19.4086667,-155.2796667,3.5
df_EQ Data.csv,875,6763.0,19.4136667,-155.2816667,5.3
df_EQ Data.csv,876,6763.0,19.416,-155.277,2.97
df_EQ Data.csv,877,6763.0,19.3996667,-155.275,3.96
df_EQ Data.csv,878,6763.0,19.4008333,-155.2743333,3.58
df_EQ Data.csv,879,6763.0,19.4141667,-155.2848333,3.52
df_EQ Data.csv,880,6763.0,19.3513333,-155.2675,3.53
df_EQ Data.csv,881,6763.0,19.4116667,-155.2695,3.58
df_EQ Data.csv,882,6763.0,19.409,-155.2791667,3.64
df_EQ Data.csv,883,6763.0,19.4013333,-155.2751667,3.73
df_EQ Data.csv,884,6763.0,19.3956667,-155.2668333,3.64
df_EQ Data.csv,885,6763.0,19.3995,-155.273,3.4
df_EQ Data.csv,886,6763.0,19.4056667,-155.2793333,1.7
df_EQ Data.csv,887,6762.0,19.3501667,-155.2766667,3.14
df_EQ Data.csv,888,6762.0,19.4115,-155.27,3.69
df_EQ Data.csv,889,6762.0,19.4016667,-155.2743333,3.88
df_EQ Data.csv,890,6762.0,19.4146667,-155.2756667,3.51
df_EQ Data.csv,891,6762.0,19.3998333,-155.2713333,3.89
df_EQ Data.csv,892,6762.0,19.4036667,-155.2775,3.71
df_EQ Data.csv,893,6762.0,19.3995,-155.2746667,3.57
df_EQ Data.csv,894,6762.0,19.3995,-155.276,3.49
df_EQ Data.csv,895,6761.0,19.4106667,-155.2833333,3.03
df_EQ Data.csv,896,6761.0,19.4188333,-155.2903333,4.12
df_EQ Data.csv,897,6761.0,19.4138333,-155.2718333,3.68
df_EQ Data.csv,898,6761.0,19.4185,-155.282,2.72
df_EQ Data.csv,899,6761.0,19.4015,-155.2761667,3.47
df_EQ Data.csv,900,6761.0,19.4086667,-155.27,3.47
df_EQ Data.csv,901,6761.0,19.3996667,-155.2711667,3.43
df_EQ Data.csv,902,6761.0,19.3953333,-155.2685,3.76
df_EQ Data.csv,903,6760.0,19.4105,-155.2826667,3.67
df_EQ Data.csv,904,6760.0,19.4031667,-155.2741667,3.87
df_EQ Data.csv,905,6760.0,19.4028333,-155.2705,3.34
df_EQ Data.csv,906,6760.0,19.4011667,-155.2696667,2.59
df_EQ Data.csv,907,6760.0,19.4105,-155.2826667,3.62
df_EQ Data.csv,908,6759.0,19.4185,-155.2831667,3.11
df_EQ Data.csv,909,6759.0,19.3836667,-155.2765,2.67
df_EQ Data.csv,910,6759.0,19.4083333,-155.2665,1.0
df_EQ Data.csv,911,6759.0,19.401,-155.2695,3.25
df_EQ Data.csv,912,6759.0,19.4003333,-155.2763333,4.2
df_EQ Data.csv,913,6759.0,19.4046667,-155.2738333,2.87
df_EQ Data.csv,914,6759.0,19.4133333,-155.2823333,1.97
df_EQ Data.csv,915,6758.0,19.4015,-155.271,3.36
df_EQ Data.csv,916,6758.0,19.3996667,-155.2825,3.07
df_EQ Data.csv,917,6758.0,19.3993333,-155.2816667,3.63
df_EQ Data.csv,918,6758.0,19.4091667,-155.2725,3.48
df_EQ Data.csv,919,6758.0,19.4011667,-155.2823333,3.78
df_EQ Data.csv,920,6758.0,19.407,-155.2832,3.6
df_EQ Data.csv,921,6757.0,19.4176667,-155.2751667,3.65
df_EQ Data.csv,922,6756.0,19.4118333,-155.2821667,3.64
df_EQ Data.csv,923,6756.0,19.4026667,-155.274,3.5
df_EQ Data.csv,924,6755.0,19.4008333,-155.286,5.4
df_EQ Data.csv,925,6755.0,19.4113333,-155.2808333,3.79
df_EQ Data.csv,926,6755.0,19.4121667,-155.2706667,2.72
df_EQ Data.csv,927,6755.0,19.4025,-155.2708333,3.32
df_EQ Data.csv,928,6755.0,19.4096667,-155.2821667,3.47
df_EQ Data.csv,929,6754.0,21.163,-157.7135,3.55
df_EQ Data.csv,930,6753.0,19.4165,-155.276,3.31
df_EQ Data.csv,931,6753.0,19.4011667,-155.2756667,3.79
df_EQ Data.csv,932,6753.0,19.3996667,-155.273,2.06
df_EQ Data.csv,933,6753.0,19.4195,-155.2866667,3.55
df_EQ Data.csv,934,6753.0,19.4131667,-155.2655,1.72
df_EQ Data.csv,935,6753.0,19.4126667,-155.2718333,2.46
df_EQ Data.csv,936,6751.0,19.4003333,-155.2795,5.4
df_EQ Data.csv,937,6751.0,19.3291667,-155.1175,3.8
df_EQ Data.csv,938,6751.0,19.1865,-155.4521667,1.86
df_EQ Data.csv,939,6750.0,19.3926667,-155.2618333,3.5
df_EQ Data.csv,940,6750.0,19.4113333,-155.2693333,3.26
df_EQ Data.csv,941,6749.0,19.4123333,-155.2828333,5.3
df_EQ Data.csv,942,6749.0,19.4045,-155.2868333,3.14
df_EQ Data.csv,943,6749.0,19.4108333,-155.2713333,2.68
df_EQ Data.csv,944,6749.0,19.354,-155.2453333,4.12
df_EQ Data.csv,945,6748.0,19.4093333,-155.2711667,2.61
df_EQ Data.csv,946,6748.0,19.402,-155.2796667,3.35
df_EQ Data.csv,947,6748.0,19.4193333,-155.2838333,3.23
df_EQ Data.csv,948,6748.0,19.1908333,-155.469,3.55
df_EQ Data.csv,949,6748.0,19.403,-155.2908333,3.23
df_EQ Data.csv,950,6748.0,19.4028333,-155.29,3.26
df_EQ Data.csv,951,6747.0,19.849,-155.5523333,2.12
df_EQ Data.csv,952,6747.0,19.4595,-155.3333333,3.49
df_EQ Data.csv,953,6746.0,19.4045,-155.278,4.8
df_EQ Data.csv,954,6745.0,19.3825,-155.262,3.69
df_EQ Data.csv,955,6745.0,19.4126667,-155.2811667,4.11
df_EQ Data.csv,956,6745.0,19.366,-154.9693333,3.43
df_EQ Data.csv,957,6744.0,19.4191667,-155.2835,3.46
df_EQ Data.csv,958,6743.0,19.3606667,-155.4963333,1.12
df_EQ Data.csv,959,6742.0,19.4006667,-155.2848333,3.44
df_EQ Data.csv,960,6742.0,19.405,-155.281,4.9
df_EQ Data.csv,961,6741.0,19.3258333,-155.1876667,3.74
df_EQ Data.csv,962,6741.0,19.437,-154.8706667,3.63
df_EQ Data.csv,963,6740.0,19.405,-155.281,4.9
df_EQ Data.csv,964,6740.0,19.432,-155.4783333,1.25
df_EQ Data.csv,965,6738.0,19.5405,-156.3103333,3.57
df_EQ Data.csv,966,6737.0,19.478,-154.8995,1.19
df_EQ Data.csv,967,6737.0,19.405,-155.281,5.0
df_EQ Data.csv,968,6736.0,19.4255,-155.2528333,3.52
df_EQ Data.csv,969,6736.0,19.3963333,-155.2676667,3.65
df_EQ Data.csv,970,6736.0,19.3991667,-155.2718333,3.52
df_EQ Data.csv,971,6736.0,19.4158333,-155.275,3.92
df_EQ Data.csv,972,6736.0,19.4136667,-155.28,4.43
df_EQ Data.csv,973,6736.0,19.4363333,-155.0068333,2.67
df_EQ Data.csv,974,6735.0,19.351,-155.2511667,3.13
df_EQ Data.csv,975,6735.0,19.416,-155.2778333,1.93
df_EQ Data.csv,976,6734.0,19.425,-154.8718333,2.87
df_EQ Data.csv,977,6734.0,19.3663333,-155.2375,2.78
df_EQ Data.csv,978,6733.0,19.4208333,-155.2543333,2.71
df_EQ Data.csv,979,6733.0,19.367,-154.8675,4.44
df_EQ Data.csv,980,6733.0,19.3445,-155.2706667,3.62
df_EQ Data.csv,981,6733.0,19.344,-155.2771667,3.1
df_EQ Data.csv,982,6732.0,19.3981667,-155.2721667,3.53
df_EQ Data.csv,983,6732.0,19.367,-155.0071667,4.23
df_EQ Data.csv,984,6731.0,18.8944,-156.7932,3.6
df_EQ Data.csv,985,6731.0,19.4356667,-154.7635,3.45
df_EQ Data.csv,986,6730.0,19.3623,-154.9523,4.0
df_EQ Data.csv,987,6730.0,19.1951667,-155.459,1.79
df_EQ Data.csv,988,6728.0,19.1425,-155.463,1.74
df_EQ Data.csv,989,6727.0,19.3823333,-155.249,3.62
df_EQ Data.csv,990,6727.0,19.3795,-155.2488333,2.94
df_EQ Data.csv,991,6727.0,19.3516667,-155.2711667,3.71
df_EQ Data.csv,992,6726.0,19.1001667,-155.2055,4.25
df_EQ Data.csv,993,6726.0,19.4335,-155.1986667,3.63
df_EQ Data.csv,994,6726.0,19.4298333,-155.2406667,3.68
df_EQ Data.csv,995,6726.0,19.4276667,-155.2393333,3.5
df_EQ Data.csv,996,6725.0,19.3243333,-154.8448333,1.4
df_EQ Data.csv,997,6725.0,19.0936667,-155.2118333,3.45
df_EQ Data.csv,998,6725.0,19.0681667,-155.206,3.66
df_EQ Data.csv,999,6725.0,19.0695,-155.1985,3.48
df_EQ Data.csv,1000,6725.0,19.3041667,-155.2128333,3.63
df_EQ Data.csv,1001,6725.0,19.3105,-155.2105,2.3
df_EQ Data.csv,1002,6725.0,19.2671667,-154.7553333,3.66
df_EQ Data.csv,1003,6725.0,19.194,-155.4266667,1.81
df_EQ Data.csv,1004,6725.0,19.3205,-154.9758333,4.06
df_EQ Data.csv,1005,6725.0,19.3835,-155.0728333,2.63
df_EQ Data.csv,1006,6725.0,19.3475,-155.0211667,3.31
df_EQ Data.csv,1007,6725.0,19.0588333,-155.0411667,4.4
df_EQ Data.csv,1008,6725.0,19.3253333,-155.1815,1.89
df_EQ Data.csv,1009,6725.0,19.3163333,-154.7796667,4.75
df_EQ Data.csv,1010,6725.0,19.215,-155.3168333,4.93
df_EQ Data.csv,1011,6725.0,19.3593333,-154.8715,3.29
df_EQ Data.csv,1012,6724.0,19.4123333,-155.3103333,3.66
df_EQ Data.csv,1013,6724.0,19.3288333,-155.2006667,3.68
df_EQ Data.csv,1014,6724.0,19.3131667,-155.2098333,3.39
df_EQ Data.csv,1015,6724.0,19.412,-155.3141667,3.57
df_EQ Data.csv,1016,6724.0,19.4128333,-155.3158333,4.66
df_EQ Data.csv,1017,6724.0,19.3103333,-155.2173333,4.64
df_EQ Data.csv,1018,6724.0,19.388,-155.2545,3.99
df_EQ Data.csv,1019,6724.0,19.2728333,-155.2446667,4.61
df_EQ Data.csv,1020,6724.0,19.3181667,-154.9996667,6.9
df_EQ Data.csv,1021,6724.0,19.3323333,-155.02,3.83
df_EQ Data.csv,1022,6724.0,19.3293333,-154.9803333,3.71
df_EQ Data.csv,1023,6724.0,19.3378333,-155.0215,4.35
df_EQ Data.csv,1024,6724.0,19.3303333,-155.0175,5.73
df_EQ Data.csv,1025,6723.0,19.3388333,-155.0706667,5.06
df_EQ Data.csv,1026,6723.0,19.3758333,-154.8558333,3.57
df_EQ Data.csv,1027,6721.0,19.3375,-154.9906667,3.66
df_EQ Data.csv,1028,6721.0,19.2705,-155.0968333,4.22
df_EQ Data.csv,1029,6624.0,20.3913333,-155.6001667,3.56
