,Date,Daily Max 1-hour SO2 Concentration,mag,WIND DIRECTION,WIND SPEED,BAROMETRIC PRESSURE,TEMPERATURE AT 2 METERS,TEMPERATURE AT 10 METERS,TEMPERATURE AT TOWER TOP,RELATIVE HUMIDITY,PRECIPITATION INTENSITY,Distance
0,1.0,6.8500000000000005,0.0,124.99232379623167,4.934542916957432,680.7084438241451,7.309002093510118,7.697069085833915,7.811025819958131,28.835310537334266,0.0,
1,2.0,2.85,0.0,138.5441176470588,3.5102240896358547,680.8327030812325,6.43109243697479,7.989285714285715,7.983823529411764,15.353641456582633,0.0,
2,3.0,24.461538461538467,0.0,174.36013986013987,3.0306993006993004,680.5462237762238,6.38,7.756153846153846,7.715734265734266,11.072727272727272,0.0,
3,4.0,58.125,0.0,153.6999302163294,8.216468946266573,680.278087927425,7.071109560362875,7.542707606420098,7.343963712491277,5.068387997208653,0.0,
4,5.0,50.800000000000004,0.0,123.77078965758211,5.035709294199861,682.0460517120895,7.822641509433962,8.10398322851153,8.139552760307478,5.450733752620545,0.0,
5,6.0,12.446153846153846,0.0,131.79134682484298,5.90390788555478,682.3448011165387,8.799651081646894,8.981297976273552,8.915910676901605,21.760642009769715,0.0,
6,7.0,6.153846153846154,0.0,121.40461215932916,6.600139762403913,682.1439552760307,7.827463312368973,8.046121593291405,7.966387141858839,27.866526904262752,0.0,
7,8.0,20.161538461538463,0.0,134.65080475857243,7.852764170748776,680.842967109867,8.289713086074178,8.538348495451364,8.310916724982505,16.87333799860042,0.0,
8,9.0,34.41538461538461,0.0,154.1369671558351,6.0881900768693225,679.656464011181,7.246051712089448,7.591264849755416,7.522781271837876,15.9832285115304,0.0,
9,31.0,19.553846153846152,0.0,224.1632937892533,8.342777390090719,676.3773900907188,5.068248429867412,5.414724354501047,5.144591765526867,26.510816468946267,0.0,
10,32.0,51.599999999999994,0.0,250.99438990182327,6.323071528751754,678.3667601683029,5.986676016830295,5.833099579242637,5.261150070126227,64.9523141654979,0.0,
11,33.0,224.21538461538464,0.0,236.87840670859535,5.055974842767296,679.1919636617749,5.922990915443745,5.886582809224319,5.556464011180992,59.708595387840674,0.0,
12,34.0,130.56153846153845,0.0,266.74947662247035,4.708653175157013,678.533356594557,5.485973482205163,5.739846475924634,5.699162595952547,48.63503140265178,0.0,
13,35.0,204.76153846153846,0.0,199.4898672257163,2.99916142557652,676.9721872816212,4.238784067085954,4.46156533892383,4.19811320754717,70.51222921034241,0.0,
14,36.0,29.353846153846156,0.0,228.2153846153846,8.086363636363636,673.418041958042,3.31986013986014,3.443426573426574,2.8407692307692307,60.096503496503495,0.0734265734265734,
15,37.0,57.08461538461539,0.0,194.84136967155837,6.615723270440252,672.5779874213837,2.1553459119496856,2.6394828791055205,2.9305380852550664,39.723270440251575,-0.0062893081761006,
16,38.0,44.56153846153847,0.0,210.87770789657583,6.0041928721174,673.1092941998603,1.6117400419287211,2.0373864430468203,1.925017470300489,55.64989517819706,0.0041928721174004,
17,39.0,14.399999999999999,0.0,290.0,7.933939818054584,674.7366689993002,2.7268019594121764,2.9573827851644507,2.549965010496851,22.15115465360392,-0.0692792162351294,
18,61.0,42.53333333333333,0.0,129.4808094905792,2.7833914863921843,679.3774598743894,8.417934403349616,8.669783670621074,8.29413817166783,43.47103977669225,0.0,
19,62.0,16.415384615384617,0.0,156.552207428171,3.38822704975473,680.0107217939734,8.40770847932726,9.071688857743515,8.701681850035039,39.99299229152067,0.0,
20,63.0,18.676923076923078,0.0,152.59316120027913,3.7923237962316816,679.9956036287508,8.333356594556875,8.556524773203071,8.40062805303559,24.5582693649686,0.0,
21,64.0,6.407692307692307,0.0,126.29280223619848,2.8590496156533893,679.0049615653389,7.387840670859539,7.658350803633823,7.220754716981132,30.3298392732355,0.0,
22,65.0,6.1692307692307695,0.0,178.1990223463687,2.863826815642458,677.331215083799,6.0875,5.843854748603352,5.293505586592179,38.73812849162011,0.0,
23,66.0,15.707692307692309,0.0,270.953179594689,4.281411600279525,676.0979734451432,3.4037735849056605,3.506848357791754,3.301607267645004,55.0188679245283,0.0,
24,67.0,13.733333333333334,0.0,267.4206848357792,6.147938504542279,675.3716282320056,3.1208245981830887,2.846960167714885,2.422641509433962,57.3633822501747,0.0,
25,68.0,46.73333333333333,0.0,264.7519271198318,9.196916608269095,674.7439383321654,3.3008409250175195,2.8930623686054657,2.177925718290119,42.77715487035739,0.0,
26,69.0,8.85,0.0,269.06568832983925,7.617051013277428,675.6102026554856,3.757302585604472,3.36408106219427,2.642557651991614,32.17679944095038,0.0,
27,91.0,31.576923076923077,0.0,129.59246336357293,3.313258897418004,678.9054431263085,6.182554082344732,6.585554780181438,6.36364270760642,52.41730635031403,0.0,
28,92.0,16.584615384615383,0.0,203.56892932120363,5.8341497550734776,677.7645206438068,8.201329601119665,7.947165850244927,7.354023792862141,41.513645906228135,0.0,
29,93.0,32.73076923076923,0.0,265.3593859036985,10.832868108862526,676.9944173063503,7.191346824842987,7.01884159106769,6.210886252616888,72.61618981158409,0.0104675505931612,
30,94.0,34.96153846153846,0.0,254.6310272536688,7.742417889587701,678.0037037037038,9.66114605171209,9.126205450733751,8.315932914046122,64.98462613556953,-0.0691823899371069,
31,95.0,36.215384615384615,0.0,209.7222609909281,4.2945568736915565,680.2778785764131,10.066992323796232,9.842288904396373,9.246545708304255,55.92533147243545,0.0314026517794836,
32,96.0,16.930769230769233,0.0,232.43684577808796,3.7279134682484303,682.2280530355897,8.330844382414515,8.350802512212143,8.11353803210049,65.75157013258898,0.360781577110956,
33,97.0,8.569230769230769,0.0,145.13836477987422,2.848637316561845,681.8063591893781,7.109433962264151,7.462473794549266,7.176240391334732,78.59888190076869,0.6345213137665968,
34,98.0,36.53076923076923,0.0,188.7924528301887,2.941928721174004,680.5206848357792,6.157162823200559,6.640181691125088,6.522921034241788,72.97763801537387,0.140461215932914,
35,99.0,2.7615384615384615,0.0,221.5090909090909,3.093916083916084,679.9443356643357,5.977832167832167,6.063286713286713,5.6070629370629375,77.84195804195804,0.172027972027972,
36,121.0,35.7,3.94,236.8820655966504,10.804745289602234,680.2604326587578,8.489811584089322,8.817236566643405,8.12016748080949,63.52058618283322,-0.0690858339148639,131.24658352483195
37,122.0,47.892307692307696,0.0,110.2079553384508,2.790579204466155,682.454152128402,8.799511514305653,8.504187020237264,7.872644801116539,69.96929518492672,0.0,
38,123.0,4.838461538461538,4.3149999999999995,132.2522711390636,2.237805730258561,682.5173305380853,8.081271837875612,7.840810621942698,7.230887491264849,72.25436757512229,0.0,133.68027495378243
39,124.0,40.47692307692308,4.363076923076923,157.6817864619679,2.5921144452198184,681.5722260990929,7.766364270760643,7.724982554082344,7.222609909281228,64.05303558967202,0.0,123.2325122189478
40,125.0,29.753846153846155,3.2906249999999995,147.73165618448638,3.186932215234102,681.475821104123,7.8319357092942,7.688120195667366,7.543116701607268,61.73515024458421,0.0,131.39274999209172
41,126.0,19.346153846153847,3.765,259.15840893230984,5.112002791346825,680.3338450802512,9.632030704815074,9.210746685275646,8.92079553384508,41.21284019539428,0.0,120.01691019661058
42,127.0,12.707692307692309,3.423333333333333,266.62247034194,4.066643405443126,681.6780879274249,9.3960223307746,8.914724354501047,8.603698534542918,48.044661549197485,0.0,117.20324022375685
43,128.0,10.1,1.74,268.26764500349407,3.1873515024458423,683.1473095737247,9.275541579315163,9.024947589098533,8.502445842068484,50.23200559049616,0.0,126.7638935994536
44,129.0,9.775,0.0,168.62665736217724,2.627006280530356,682.6175157013259,8.926796929518494,9.564689462665736,9.210188415910675,54.842986741102585,0.0,
45,151.0,24.215384615384615,3.6866666666666665,118.6276150627615,3.258437935843794,680.0932078103208,12.349721059972106,12.360599721059971,11.888284518828453,10.872384937238492,0.0,118.54184343449833
46,152.0,215.2923076923077,0.0,131.20810055865925,2.9533519553072622,679.1292039106146,11.572625698324025,11.694553072625697,11.343016759776535,30.250698324022345,0.0,
47,153.0,162.9769230769231,2.815,157.2304469273743,6.245879888268156,680.9492318435755,13.530796089385474,13.25963687150838,12.609078212290504,22.299581005586592,0.0,114.64918807998939
48,154.0,31.153846153846153,3.55,145.43605870020966,7.932634521313767,683.6378965758211,13.045073375262056,12.83906359189378,11.908735150244585,22.25436757512229,0.0,84.99838626837968
49,155.0,7.992307692307692,3.74,193.7231520223152,3.713528591352859,683.2473361227336,11.588981868898186,11.19260808926081,10.299721059972104,22.357043235704325,0.0,114.59677900568187
50,156.0,11.207692307692307,3.5700000000000003,186.41736111111112,4.234930555555556,680.8259861111111,8.841041666666667,8.178888888888888,8.179722222222221,30.56458333333333,0.0,114.5996580654678
51,157.0,107.5923076923077,3.6499999999999995,156.7486033519553,6.372974860335196,679.2352444134078,8.3213687150838,8.066899441340782,7.228072625698324,28.82891061452514,0.0,114.34258658383985
52,158.0,61.4,3.4866666666666664,222.0599721059972,4.946164574616458,681.2787726638772,7.437238493723849,7.059135285913528,6.37629009762901,52.36541143654114,0.0,114.72852744034618
53,159.0,51.800000000000004,2.724285714285714,184.1082402234637,8.540782122905028,683.5066340782123,8.741899441340783,8.898882681564245,8.020670391061453,46.37360335195531,0.0,114.8590067342292
54,181.0,149.9923076923077,3.395,159.76458333333332,2.8720138888888886,679.8383402777778,8.860208333333334,8.511875,8.511805555555556,29.19236111111111,0.0,109.04061715940928
55,182.0,272.9923076923077,3.5129411764705885,153.12847222222223,2.5190277777777776,680.2486319444445,6.876458333333334,6.513541666666667,6.514305555555556,73.66805555555555,0.0,114.53720489764605
56,183.0,7.9833333333333325,3.3833333333333333,121.32638888888889,4.201805555555556,679.6266666666667,6.941180555555556,6.975902777777777,6.976527777777778,74.1138888888889,0.2395833333333333,124.14524149318851
57,184.0,42.208333333333336,3.191818181818182,129.94027777777777,3.1841666666666666,678.6986180555556,7.846041666666666,7.732083333333334,7.731875,51.85625,0.0,125.80943632427183
58,185.0,36.083333333333336,3.413333333333333,146.3365990202939,3.757102869139258,679.2063470958713,9.714975507347797,9.693282015395384,9.694681595521343,27.16445066480056,0.0,124.37008471510586
59,186.0,38.208333333333336,3.44875,144.05138888888888,5.959722222222222,680.5195763888888,11.16173611111111,10.50375,10.74784722222222,21.740277777777777,0.0,124.43722277238967
60,187.0,8.6,3.0855555555555556,122.24652777777776,7.003819444444445,681.0148541666666,8.043194444444445,7.263055555555555,7.619236111111111,69.36111111111111,0.0104166666666666,119.75795996496423
61,188.0,23.866666666666664,3.174375,120.68472222222222,4.575208333333333,680.4752777777778,7.604791666666666,6.965555555555556,7.215694444444445,45.263888888888886,0.0,124.37604045416784
62,189.0,26.358333333333334,3.195,207.63472222222225,2.3230555555555554,680.2706736111111,6.396875,6.130833333333333,6.335416666666666,69.26875,0.0,118.55965866326731
63,211.0,48.11666666666667,3.166,151.76458333333332,5.573402777777778,682.3367013888889,9.353055555555557,9.135277777777777,8.613402777777777,48.87361111111111,0.0,124.01617164720935
64,212.0,10.45,3.3326666666666664,127.42708333333331,7.272430555555555,681.9999583333333,8.588541666666666,8.2225,7.514236111111111,47.9875,0.0,124.29855269608561
65,213.0,11.272727272727273,3.11,121.625,4.056180555555556,681.0994513888888,8.844791666666667,8.672083333333333,8.00951388888889,47.54236111111111,0.0,115.65964712274946
66,214.0,14.6,3.3244444444444445,190.7958333333333,4.828819444444444,680.8530902777777,9.04701388888889,8.766319444444445,8.329027777777778,54.49722222222222,0.0,124.28792368384872
67,215.0,5.291666666666667,0.0,122.47222222222224,6.330694444444445,680.9903472222222,11.520902777777776,11.286458333333334,10.804791666666668,35.482638888888886,0.0,
68,216.0,3.966666666666667,0.0,133.86319444444445,5.480208333333334,680.7769791666667,12.57826388888889,12.306111111111113,11.99201388888889,14.32638888888889,0.0,
69,217.0,2.8249999999999997,0.0,121.43333333333334,8.15076388888889,680.9653611111111,12.243611111111113,11.914861111111112,11.364583333333334,18.509027777777774,0.0,
70,218.0,3.016666666666667,0.0,111.41527777777776,9.692638888888888,680.1658125,10.210694444444444,10.163055555555555,9.553680555555555,52.451388888888886,0.0416666666666666,
71,219.0,15.183333333333332,4.41,185.75972222222225,8.782152777777778,680.1775763888888,10.139513888888889,10.140138888888888,9.7075,60.43680555555556,0.0,139.01156666356675
72,241.0,2.625,0.0,238.36180555555555,3.599375,676.9095763888889,7.730763888888888,8.164305555555556,9.000902777777778,40.65972222222222,0.0,
73,242.0,7.027272727272727,0.0,195.92777777777775,2.817083333333333,677.3129583333333,8.608472222222222,9.416597222222222,9.495902777777776,40.30555555555556,0.0,
74,243.0,3.2545454545454544,0.0,209.00208333333333,4.052222222222222,679.0364166666666,8.217430555555556,8.678680555555555,8.411875,70.03680555555556,0.0416666666666666,
75,244.0,2.936363636363636,0.0,169.01041666666666,3.850486111111111,680.6355833333333,8.930208333333333,9.402708333333331,9.156875,69.51458333333333,0.0104166666666666,
76,245.0,1.2636363636363637,0.0,106.21180555555556,5.156458333333333,680.1631736111111,9.31125,9.220208333333334,8.977777777777778,37.9,0.0,
77,246.0,1.09,0.0,126.46111111111112,3.7766666666666655,679.0008680555555,8.639930555555555,9.274791666666667,8.79513888888889,37.83888888888889,0.0416666666666666,
78,247.0,1.95,0.0,218.67916666666667,2.404097222222222,679.2680277777778,7.283402777777778,7.681111111111111,7.413333333333334,82.42152777777778,0.03125,
79,248.0,5.190909090909091,0.0,192.38333333333333,3.0275000000000003,680.7605625,7.437569444444445,7.9806944444444445,7.936041666666666,75.14166666666667,0.0833333333333333,
80,249.0,5.1,0.0,229.1861111111111,3.1363888888888884,680.8090902777777,7.796805555555555,8.079236111111111,8.195555555555556,79.10416666666667,0.4479166666666667,
81,271.0,5.216666666666667,0.0,143.62083333333334,3.945972222222222,681.629375,10.018125,10.82986111111111,10.524861111111113,27.30625,0.0,
82,272.0,2.6166666666666667,0.0,157.47916666666666,5.013888888888889,681.5613472222223,9.222569444444444,9.672569444444443,9.747013888888889,29.525,0.0,
83,273.0,2.35,0.0,122.20902777777778,3.674305555555556,681.6155625,9.204652777777778,9.614236111111111,9.275277777777776,33.66041666666667,0.0,
84,274.0,2.3000000000000003,0.0,114.9375,3.910763888888889,680.4102430555556,10.126527777777778,10.390277777777778,10.137569444444445,31.62013888888889,0.0,
85,275.0,2.3583333333333334,0.0,135.24791666666667,3.4795833333333337,679.7505069444444,9.451041666666669,9.710694444444444,9.384861111111112,39.97708333333333,0.0,
86,276.0,2.6833333333333336,0.0,184.00694444444449,2.5702777777777777,679.9610138888888,7.755069444444444,8.319236111111111,8.011666666666667,64.93888888888888,0.0,
87,277.0,1.6916666666666667,0.0,190.94027777777777,3.962638888888889,680.2945069444444,7.446319444444445,7.805416666666666,7.703333333333333,86.45972222222223,0.1666666666666666,
88,278.0,1.7,0.0,240.57777777777775,2.1464583333333334,680.6842986111111,7.820555555555556,7.787847222222222,7.340208333333333,92.43541666666668,0.7729166666666667,
89,279.0,1.3875,3.61,193.08680555555557,3.178263888888889,680.1750416666667,7.8381944444444445,7.887916666666667,7.502361111111111,86.72291666666666,0.2604166666666667,105.16819866040751
90,301.0,1.383333333333333,0.0,110.33055555555556,3.687638888888889,681.4870972222222,8.45375,9.512916666666667,9.410902777777778,55.27291666666667,0.0,
91,302.0,4.85,0.0,130.48611111111111,4.082222222222222,681.4470069444444,7.807499999999999,8.198819444444444,8.174375,55.96805555555556,0.0,
92,303.0,1.425,0.0,221.8423611111111,2.640763888888889,679.6828888888889,4.964513888888889,5.339305555555556,5.129166666666666,67.09791666666666,0.0625,
93,304.0,1.2333333333333334,0.0,210.26180555555555,4.610902777777778,679.5531944444444,4.276944444444444,4.811736111111111,4.746041666666667,71.85,0.0416666666666666,
94,305.0,0.7363636363636363,0.0,158.7111111111111,3.077847222222222,679.5835763888889,5.1225,6.143472222222223,5.913263888888889,76.72152777777778,0.03125,
95,306.0,1.375,0.0,190.4743055555556,3.533680555555556,677.7197222222222,4.826111111111112,5.448333333333333,5.682291666666667,61.33819444444445,0.0,
96,307.0,1.8272727272727274,0.0,234.13611111111112,2.2763194444444443,676.7895694444444,4.677222222222222,5.0488888888888885,4.902222222222222,80.84166666666667,0.0416666666666666,
97,308.0,4.636363636363637,0.0,226.5888888888889,2.888541666666667,677.3969652777778,4.916458333333333,6.099652777777778,6.376597222222221,62.52013888888889,0.0,
98,309.0,1.95,0.0,199.3215277777778,2.486944444444444,679.2165486111111,6.4070833333333335,6.648402777777778,6.465625,73.79791666666667,0.0,
99,10.0,96.28333333333335,0.0,186.1823899371069,4.978686233403215,679.1930118798043,4.055625436757513,4.925017470300489,5.122361984626136,39.98043326345213,0.0,
100,11.0,30.746153846153845,0.0,181.6380153738644,3.23654786862334,679.5238993710692,2.868134171907757,3.53361285814116,3.470859538784067,53.38923829489868,0.0,
101,12.0,107.19166666666666,0.0,153.63846153846154,2.91041958041958,679.9525174825175,4.716363636363636,5.596153846153846,5.26958041958042,46.08391608391609,0.0,
102,13.0,119.19166666666666,0.0,224.03004891684137,3.2397624039133475,680.8872816212438,6.177638015373865,7.2619147449336126,7.1730957372466815,34.3025856044724,0.0,
103,14.0,41.34166666666667,0.0,210.4612159329141,2.9375960866526905,681.3687631027253,6.5482879105520615,7.46974143955276,7.785883997204752,43.51712089447938,0.0,
104,15.0,13.949999999999998,0.0,145.57920446615492,3.4716678297278434,681.9196789951152,7.479344033496162,8.205931612002791,8.17473831123517,27.651081646894628,0.0,
105,16.0,28.0,0.0,125.94828791055208,5.660866526904263,682.0180293501048,7.94220824598183,8.320545073375262,8.57791754018169,23.720475192173307,0.0,
106,17.0,62.800000000000004,0.0,145.92114445219818,8.265177948360083,681.9166085136078,8.909560362875087,9.220516399162596,9.065457083042569,6.852058618283322,0.0,
107,18.0,42.06666666666667,0.0,158.0392156862745,10.055812324929972,681.5752100840336,6.983193277310924,7.420588235294118,6.930112044817927,10.683473389355742,0.0,
108,19.0,34.46666666666666,0.0,168.68387997208654,10.144521981856244,681.1532449406839,7.146336357292394,7.866434054431263,7.612979762735519,16.818562456385205,0.0,
109,20.0,16.958333333333332,0.0,197.7400419287212,5.975611460517121,680.648357791754,5.659958071278826,6.533892382948987,6.684626135569532,22.561844863731658,0.0,
110,21.0,10.291666666666666,0.0,179.52727272727273,5.08972027972028,678.8535664335665,4.88034965034965,5.007832167832167,4.703356643356644,56.03356643356644,0.0419580419580419,
111,22.0,21.054545454545455,0.0,171.4682040531097,4.756044723969252,678.1974842767296,4.292522711390636,4.455485674353599,4.109084556254368,65.87351502445843,-0.0482180293501048,
112,23.0,16.366666666666667,0.0,160.95317959468903,8.718029350104821,678.1665269042628,4.057092941998603,4.308385744234801,3.558909853249476,74.25576519916143,-0.0482180293501048,
113,24.0,14.466666666666669,3.56,204.9483600837404,5.523517096999302,677.741451500349,4.312142358688067,4.485415212840196,4.02470341939986,56.14724354501047,0.0153524075366364,59.7037074984082
114,25.0,50.175000000000004,0.0,195.77894736842103,2.9501052631578943,677.4035087719299,3.8008421052631576,4.5815438596491225,4.4275789473684215,56.07368421052632,-0.0168421052631578,
115,26.0,60.9076923076923,0.0,150.0335429769392,1.9615653389238292,676.3240391334731,3.953668763102725,4.285115303983228,3.9022361984626137,68.37665967854647,-0.0587002096436058,
116,27.0,76.08461538461539,0.0,161.40461215932913,2.085045422781272,675.5503843466107,3.684136967155835,3.981900768693222,3.5679944095038434,82.68972746331237,0.4968553459119497,
117,28.0,18.96153846153846,0.0,220.33752620545076,3.695248078266946,674.340391334731,3.3772187281621244,3.788329839273236,3.393850454227813,74.26275331935709,0.0670859538784067,
118,29.0,75.5,0.0,196.67714884696016,2.603843466107617,673.7954577218728,3.204122990915444,3.7962264150943392,3.6907058001397615,62.09364081062194,-0.0691823899371069,
119,30.0,81.55384615384615,0.0,244.44234800838572,7.367505241090146,673.7783368273934,4.623130677847659,5.475960866526904,5.840670859538784,28.503843466107615,0.0,
120,31.0,30.115384615384617,0.0,225.84975541579317,11.566317260656884,674.7874213836478,4.325786163522013,4.841579315164221,4.250593990216632,27.503843466107615,0.0,
121,331.0,4.072727272727272,0.0,162.86805555555554,2.1864583333333334,678.9722291666667,6.272916666666666,7.132152777777777,6.953194444444445,43.5125,0.0,
122,332.0,2.6363636363636362,0.0,191.4611111111111,3.1069444444444443,679.1839097222222,5.066666666666666,6.087569444444445,6.125555555555555,41.922916666666666,0.0,
123,333.0,2.4,0.0,127.41041666666666,3.612986111111111,679.7040138888889,6.2525,7.186041666666666,7.072708333333334,33.952083333333334,0.0,
124,334.0,2.463636363636364,0.0,121.6451388888889,7.154236111111112,679.7822986111112,7.920972222222223,8.163958333333333,8.269375,23.016666666666666,0.0,
125,335.0,2.0,0.0,141.15277777777777,10.328611111111112,679.4030625,6.627361111111111,6.810416666666667,6.613958333333334,6.511111111111111,0.0,
126,336.0,1.6090909090909091,0.0,190.28194444444443,4.4551388888888885,679.9536319444444,6.263958333333334,7.085902777777778,7.665833333333333,15.85138888888889,0.0,
127,337.0,1.2583333333333333,0.0,248.74305555555557,4.406527777777778,679.2313402777778,6.449722222222222,6.997638888888889,7.3469444444444445,35.95,0.0,
128,338.0,1.075,0.0,186.35347222222225,3.5327777777777776,679.9163263888889,5.508819444444445,6.618333333333333,6.885763888888889,25.797916666666666,0.0,
129,339.0,1.1666666666666665,0.0,125.26666666666668,5.179930555555556,681.1100069444444,6.281736111111112,6.631458333333333,6.897916666666666,7.716666666666667,0.0,
130,40.0,9.453846153846154,0.0,287.0852550663872,6.997414395527603,674.6443046820406,3.124528301886792,3.339832285115304,2.8512928022361983,19.867924528301888,0.0,
131,41.0,12.8,0.0,285.8043326345213,4.649755415793152,673.9437456324249,4.981691125087352,5.309783368273934,4.951921733053808,30.80223619846261,0.0,
132,42.0,10.084615384615384,0.0,241.0587002096436,3.232285115303983,675.8457023060796,6.050803633822502,7.029699510831587,7.328721174004192,25.253668763102727,0.0,
133,43.0,27.846153846153847,0.0,192.89804469273744,3.617178770949721,677.9149441340782,7.542737430167598,8.225209497206704,8.56731843575419,31.08100558659218,0.0,
134,44.0,42.646153846153844,0.0,187.8555478018144,4.5462665736217724,678.9627355198884,8.919190509420796,8.860502442428473,8.367201674808095,35.39148639218423,0.0,
135,45.0,33.96153846153846,0.0,232.6141456582633,9.468557422969187,677.2450980392157,8.184663865546218,8.201050420168068,7.465336134453781,34.74229691876751,0.0,
136,46.0,12.707692307692307,0.0,236.19147449336128,7.867295597484277,676.7495457721873,7.853808525506638,7.925087351502445,7.334730957372467,44.471698113207545,0.0524109014675052,
137,47.0,62.176923076923075,0.0,89.19120725750174,2.5218422889043963,677.9722958827634,5.062665736217725,5.324214933705513,4.959525471039776,61.013258897418005,-0.0690858339148639,
138,48.0,68.43076923076923,0.0,169.35734265734266,3.3383916083916083,678.1020279720279,3.64986013986014,4.031748251748252,4.135594405594405,58.60489510489511,0.0209790209790209,
139,49.0,52.66923076923077,0.0,222.75331935709292,7.722921034241789,676.2793151642207,3.029350104821803,3.191404612159329,2.464220824598183,67.47589098532495,0.1090146750524109,
140,50.0,111.34615384615384,0.0,236.93780573025856,6.185324947589099,676.4634521313766,3.004332634521313,3.053109713487072,2.494898672257163,55.83018867924528,-0.0691823899371069,
141,51.0,30.384615384615383,0.0,265.1649196366177,7.516142557651992,678.0093640810622,4.886093640810622,4.729699510831586,4.125296995108316,53.09084556254368,0.0,
142,52.0,26.43846153846154,0.0,138.51642036124795,1.94991789819376,679.7159277504105,4.23776683087028,4.486042692939245,4.047290640394089,81.08702791461413,0.0738916256157635,
143,53.0,51.48461538461538,0.0,153.35222672064776,2.2101214574898784,679.9287449392713,6.386639676113361,6.11417004048583,5.460323886639676,82.21052631578948,0.0,
144,54.0,36.699999999999996,0.0,180.2065596650384,4.230635031402652,680.1357292393579,5.256385205861828,5.3,4.972435450104675,84.44870900209351,0.0732728541521284,
145,55.0,55.707692307692305,0.0,186.41649196366177,4.324598183088749,680.3347309573725,6.153249475890985,6.3939902166317255,5.915653389238295,76.82879105520615,-0.0272536687631027,
146,56.0,13.253846153846153,0.0,149.6869322152341,2.2624039133473097,681.3231306778476,5.3334032145352905,5.622571628232006,5.165897973445143,80.45842068483577,0.1719077568134172,
147,57.0,16.0,0.0,142.69692737430168,4.959078212290502,680.6900837988826,5.863617318435755,6.214734636871508,5.781983240223463,68.88896648044692,0.0104748603351955,
148,58.0,22.153846153846153,0.0,182.1844863731656,6.055974842767296,679.5505939902166,7.679804332634521,8.074912648497556,7.991264849755415,42.22990915443746,-0.0691823899371069,
149,70.0,10.430769230769231,0.0,271.6454545454545,6.061958041958042,675.7877622377622,4.976783216783217,4.772307692307692,4.300629370629371,20.48741258741259,0.0,
150,71.0,17.584615384615383,0.0,263.9937194696441,5.687229588276344,675.9662247034194,6.107327285415212,6.094347522679693,5.70774598743894,11.100488485694347,0.0,
151,72.0,30.26923076923077,0.0,261.3011204481793,6.978991596638656,677.2319327731092,5.971288515406163,5.720028011204482,4.987675070028011,61.333333333333336,0.3781512605042016,
152,73.0,7.733333333333333,0.0,175.06988120195666,3.5889587700908456,678.5780573025855,5.06848357791754,5.1287910552061495,4.635639412997904,84.90985324947589,0.5387840670859538,
153,74.0,21.591666666666665,0.0,121.13817166782972,3.037334263782275,678.9900209351011,5.8150732728541525,5.7648988136776,5.193579902302861,87.30425680390789,0.3077459874389393,
154,75.0,7.191666666666666,0.0,184.5618448637317,2.682320055904962,680.1916142557652,5.5523410202655485,6.221663172606569,6.114884696016771,73.31865828092243,-0.0691823899371069,
155,76.0,10.283333333333333,0.0,124.7993006993007,1.8032167832167831,680.5448951048951,5.53944055944056,6.351468531468532,6.000699300699301,82.22517482517482,0.2622377622377622,
156,77.0,24.566666666666666,0.0,111.3768318213538,2.830216329378925,680.2027215631542,6.258408932309839,6.663712491277042,6.544940683879972,78.70481507327285,0.0669923237962316,
157,78.0,7.866666666666667,0.0,109.638714185884,2.294689028651293,678.8321453529,6.216771488469602,6.813207547169812,6.738015373864431,70.2690426275332,-0.0691823899371069,
158,79.0,9.590909090909092,0.0,277.5091036414566,4.505042016806723,676.5467086834734,6.260574229691877,6.330042016806722,6.141316526610644,66.74159663865547,0.0,
159,80.0,8.883333333333335,0.0,228.6727145847872,5.92533147243545,674.9412421493371,3.981646894626657,4.099162595952548,3.608513607815771,78.87369155617586,0.3349616189811584,
160,81.0,6.708333333333333,0.0,293.13904494382024,4.991011235955056,676.4915730337078,4.840238764044944,4.708707865168539,4.111025280898876,83.9494382022472,-0.0695224719101123,
161,82.0,5.641666666666667,0.0,222.0314465408805,2.3405310971348707,678.4313766596786,4.673515024458421,5.316841369671558,4.9490566037735855,77.4157931516422,0.1257861635220125,
162,83.0,19.9,0.0,147.58560447239694,2.580852550663871,679.5745632424878,5.285953878406708,5.491474493361286,5.429140461215933,79.53389238294899,-0.0691823899371069,
163,84.0,9.583333333333334,0.0,266.55547801814373,9.973691556175854,677.7995115143057,5.824633635729239,5.91367759944173,5.238590369853454,83.03070481507328,0.7431960921144453,
164,85.0,13.600000000000001,0.0,220.9125874125874,7.656783216783217,675.4653146853148,4.136433566433567,4.629860139860139,4.481748251748251,63.56153846153846,1.93006993006993,
165,86.0,75.36363636363636,0.0,228.33962264150944,12.754716981132075,674.5647099930119,4.551781970649896,4.971278825995807,4.312648497554157,55.6051712089448,0.0566037735849056,
166,87.0,95.38181818181819,0.0,237.5164450664801,12.79923023093072,675.5231630510847,4.416794961511547,4.910986703988804,4.457102869139258,55.92162351294612,0.0251924422673198,
167,88.0,8.575000000000001,0.0,202.9497557571528,5.616189811584089,678.0166782972784,6.506071179344034,6.546406140963015,6.790579204466154,32.808094905792046,-0.0690858339148639,
168,89.0,47.42307692307692,0.0,247.22781271837877,5.235918937805731,679.1812718378757,6.021034241788959,6.312508735150245,6.566876310272537,28.317959468902867,0.0,
169,90.0,65.83076923076923,0.0,132.3780573025856,2.902166317260657,679.172536687631,6.036198462613556,6.913976240391334,6.56743535988819,38.426275331935706,0.0,
170,91.0,64.39999999999999,0.0,74.04615384615384,1.9763636363636363,678.5338461538462,5.066013986013986,5.71006993006993,5.4158041958041965,52.86993006993007,0.0,
171,100.0,12.23076923076923,0.0,134.57252978276102,3.251156271899089,681.0123335669236,6.355220742817099,6.482901191310442,5.91478626489138,80.62648913805185,0.4141555711282411,
172,101.0,9.461538461538462,0.0,132.65806001395674,6.541660851360782,682.1136078157712,7.08764829030007,7.054221912072576,6.5229588276343335,66.09490579204466,-0.0272156315422191,
173,102.0,5.407692307692307,0.0,141.1432564640112,5.093011879804333,681.7029350104822,7.073864430468205,7.255345911949686,6.978546470999301,59.9287211740042,-0.0587002096436058,
174,103.0,9.123076923076923,0.0,165.3340321453529,3.724458420684836,680.0977638015374,5.817260656883298,6.32543675751223,6.258350803633823,57.496855345911946,0.129979035639413,
175,104.0,32.05384615384615,0.0,173.60083740404744,6.882693649685973,679.3218422889043,5.10711793440335,5.575924633635729,5.390369853454292,51.48569434752268,0.0669923237962316,
176,105.0,19.015384615384615,0.0,186.11879804332636,6.464290705800139,680.8482879105521,5.06135569531796,5.489028651292802,5.0214535290006985,67.69042627533193,0.0461215932914046,
177,106.0,5.961538461538462,0.0,144.13277428371768,2.0538085255066387,681.7489168413697,6.281411600279525,6.657651991614256,6.232704402515723,74.92802236198463,0.1090146750524109,
178,107.0,7.95,0.0,147.18009810791872,2.694043447792572,681.0405045550106,6.700140154169587,7.363139453398739,6.952487736510162,61.87876664330764,-0.0378416257883672,
179,108.0,33.208333333333336,0.0,130.20475192173305,3.2097134870719777,679.8396226415094,7.822501747030049,8.280573025856045,7.822012578616352,43.79594689028652,-0.0691823899371069,
180,109.0,6.923076923076923,0.0,135.26936496859736,2.7854849965108164,679.4635729239359,7.376901605024424,7.301884159106769,6.834193998604326,47.98464759246336,0.0,
181,110.0,10.8,0.0,106.76799440950384,2.807547169811321,679.8842767295598,4.228930817610063,4.241369671558351,3.7824598183088742,72.937106918239,0.2515723270440251,
182,111.0,9.076923076923077,0.0,142.01468531468532,4.253286713286713,680.1169930069931,5.585804195804196,6.017762237762238,5.808811188811189,60.77832167832168,0.0,
183,112.0,8.253846153846155,0.0,161.32285115303984,4.600978336827393,680.6460517120895,7.360307477288609,7.771348707197763,7.804332634521314,37.6659678546471,0.0,
184,113.0,11.215384615384615,0.0,128.44521981856246,4.41751570132589,680.1231681786462,8.827215631542218,8.677669225401257,8.462665736217724,28.279134682484298,0.0,
185,114.0,5.084615384615384,0.0,141.56652360515022,3.5286838340486413,680.266452074392,9.027181688125896,9.55901287553648,9.06244635193133,25.723891273247496,0.1738197424892703,
186,115.0,15.658333333333333,0.0,190.2941998602376,3.0525506638714184,680.1561146051712,7.121872816212439,7.355136268343816,6.980922431865829,42.56184486373166,-0.1278825995807128,
187,116.0,15.069230769230769,0.0,225.3605870020964,3.233473095737247,679.8382250174703,6.401187980433264,6.609643605870021,6.949545772187281,37.77638015373864,-0.0691823899371069,
188,117.0,14.392307692307693,0.0,161.08722958827633,2.8287508722958825,678.6022330774599,6.66043265875785,6.8377529658060014,6.708792742498256,39.307048150732726,0.0,
189,118.0,9.984615384615385,0.0,200.69252271139064,5.041439552760307,677.6118798043326,8.216911250873515,8.027183787561146,7.482529699510832,42.9538784067086,0.010482180293501,
190,119.0,3.776923076923077,0.0,101.25139664804468,3.53645251396648,677.5928072625699,8.454469273743015,8.522974860335195,7.954678770949721,44.59916201117319,0.0,
191,120.0,7.8307692307692305,0.0,234.8819007686932,12.19706498951782,677.9835080363382,8.746820405310972,8.806918238993712,7.798881900768694,67.58141160027952,0.429769392033543,
192,130.0,33.208333333333336,2.895,139.06372549019608,2.5820728291316524,681.4035014005602,9.467647058823529,9.650140056022408,9.22563025210084,55.48179271708683,0.0,133.0237143034267
193,131.0,8.616666666666667,3.5250000000000004,142.86113049546407,2.2444521981856247,680.6479413817167,7.345987438939288,7.908932309839497,7.538520586182834,67.168876482903,-28.256106071179342,112.1053557032978
194,132.0,56.33076923076923,3.88,157.4430468204053,2.1433962264150943,680.6987421383648,7.66827393431167,8.532075471698112,8.069252271139064,47.661076170510135,-0.0691823899371069,123.02332063411207
195,133.0,38.13846153846154,3.4675000000000002,162.09909281228192,2.143754361479414,681.4261688764828,7.401674808094906,7.492393579902303,7.048429867411025,53.50593161200279,0.0,122.03911499599089
196,134.0,50.52307692307693,2.825,273.25087351502447,4.285255066387141,680.3948287910553,7.366247379454927,7.478965758211041,7.307197763801538,30.06009783368274,0.0,127.20983556718983
197,135.0,30.092307692307692,2.5300000000000002,186.79483600837403,2.867759944173064,678.4911374738311,8.004256803907886,8.077390090718772,8.131681786461968,27.27355198883461,0.0,116.27298949811586
198,136.0,80.60000000000001,3.6183333333333327,148.90426275331936,2.611600279524808,678.9146750524109,7.146191474493362,7.421104122990916,7.488399720475192,38.770789657582114,0.0,117.13033211346006
199,137.0,96.75384615384615,3.0949999999999998,125.63877266387726,3.062622036262204,681.1444560669456,7.067154811715481,7.388981868898186,7.173012552301255,72.67085076708507,0.0,123.57721504705609
200,138.0,14.061538461538463,3.57,67.84287709497207,2.1550977653631285,682.5015432960894,7.309567039106144,7.899650837988826,7.534008379888268,65.49581005586592,0.0,62.419124057437585
201,139.0,111.09230769230768,0.0,136.53347280334728,4.990097629009763,681.8398535564853,9.614225941422594,9.307531380753138,8.862831241283123,15.096234309623432,0.0,
202,140.0,79.75384615384615,3.075,197.52932960893853,4.610684357541899,680.767437150838,9.968645251396648,9.83596368715084,9.502444134078212,16.637569832402235,0.0,108.77859893238167
203,141.0,18.223076923076924,3.685,156.62900976290098,3.3045327754532776,681.0405090655509,10.180055788005578,9.930404463040446,9.52370990237099,40.0118549511855,0.0,129.14326977697345
204,142.0,17.676923076923078,4.17,115.18758716875872,2.094839609483961,681.3269595536959,9.948256624825662,10.176847977684798,9.627545327754532,44.92677824267783,0.0,114.51850274215116
205,143.0,44.315384615384616,1.12,139.79146256123164,2.7193841847445768,681.4562141357593,9.953463960811757,10.170538838348495,10.190832750174948,47.7557732680196,0.0,105.36147394177308
206,144.0,40.9076923076923,3.46,108.93723849372384,4.2188981868898185,681.4814225941423,12.599721059972106,12.37587168758717,11.930822873082288,23.352859135285915,0.0,113.8372042095932
207,145.0,72.99230769230769,3.7433333333333336,114.86755430974073,4.524176594253679,682.4652067274001,13.302873160476524,13.087596355991591,12.557463209530484,10.651716888577436,0.0,121.15866351327443
208,146.0,107.16153846153846,4.8,113.41562064156206,5.039330543933054,681.9496094839609,13.359972105997212,13.008995815899585,12.579009762900975,5.246164574616458,0.0,114.71370622686638
209,147.0,27.846153846153847,2.805,108.65712290502792,3.706564245810056,680.7624162011174,11.742667597765363,11.401675977653632,10.964734636871508,21.289106145251395,0.0,96.30267030940236
210,148.0,245.56153846153845,3.2049999999999996,122.64016736401672,2.985913528591353,679.3172245467225,10.24205020920502,10.1278940027894,9.549442119944212,21.842398884239888,0.0,114.16364207487695
211,149.0,167.81666666666666,3.81,144.63179916317992,7.661576011157601,680.320209205021,8.948465829846583,9.03249651324965,8.166596931659694,53.156206415620645,-18.294979079497907,106.17130353100261
212,150.0,20.808333333333334,3.3800000000000003,195.80656424581005,5.7417597765363135,681.9657472067039,10.12981843575419,10.391899441340785,9.994343575418997,49.114525139664806,-19.42667597765363,106.23069547180944
213,151.0,22.599999999999998,0.0,123.10669456066944,2.6423988842398884,681.4197419804742,12.868967921896791,12.78326359832636,12.182357043235704,15.208507670850768,-0.0690376569037656,
214,160.0,7.038461538461538,3.4179999999999997,142.0676429567643,6.185216178521618,683.5371129707113,9.366875871687588,9.07273361227336,8.297838214783821,32.33612273361227,0.0,114.77871868447667
215,161.0,17.015384615384615,3.4600000000000004,82.27164804469274,5.09713687150838,681.0240502793296,8.776536312849162,8.243784916201118,7.354748603351955,24.24441340782123,0.0,114.63049121920088
216,162.0,102.30000000000001,3.61,163.30962343096235,4.63047419804742,679.5563319386332,8.32112970711297,8.073361227336123,7.589609483960948,28.426778242677823,0.0,115.17618750943792
217,163.0,104.73076923076923,3.542307692307692,166.75209497206703,4.265712290502793,679.8436731843575,7.851117318435754,7.712081005586593,7.484148044692737,40.20041899441341,0.0,114.93695539837387
218,164.0,81.41538461538462,3.84,128.22245467224548,2.218479776847978,680.3555230125522,8.438075313807532,8.942329149232915,8.493863319386332,39.36610878661088,0.0,114.8661045461672
219,165.0,277.15384615384613,3.5933333333333337,157.82217573221757,3.051534170153417,680.3346373779638,9.074546722454672,8.959205020920502,8.634170153417015,31.61506276150628,0.0,114.78616655193267
220,166.0,121.66923076923077,2.8659999999999997,168.12709497206703,2.7260474860335195,680.5638617318435,8.090642458100557,8.362220670391062,8.112639664804469,37.112430167597765,0.0,118.82692323687947
221,167.0,16.733333333333334,3.1766666666666663,128.3563458856346,2.6184100418410043,680.5944560669456,10.676011157601115,10.75516039051604,10.177405857740586,24.06345885634589,0.0,125.50970794796575
222,168.0,70.9,3.5300000000000002,106.31512605042016,5.654761904761905,680.9453081232493,11.128641456582631,10.711904761904762,9.791946778711484,31.82843137254902,0.0,93.82586967525508
223,169.0,137.69230769230768,2.8362499999999997,110.50174459176552,6.571388695045359,680.8459874389393,10.16496859734822,9.791974877878577,8.744452198185623,66.24773203070481,0.0,115.21783688479934
224,170.0,315.66153846153844,3.432857142857143,160.49616189811584,6.227494766224703,681.0697138869505,11.789462665736217,11.20900209351012,10.439916259595254,52.86601535240754,0.0,118.90021607461249
225,171.0,134.0,3.3514285714285714,90.36147941381716,3.0744591765526867,681.002023726448,11.796441032798326,11.43433356594557,10.859455687369156,19.54431263084438,0.0,115.8215938366273
226,172.0,100.62307692307692,3.236,103.46261355695316,5.282389937106919,680.4784067085953,11.297554157931517,10.900628930817607,-13.923689727463312,20.9832285115304,0.0,115.15320833273378
227,173.0,6.938461538461538,3.388888888888889,118.87578506629448,6.513747383112352,680.2877878576413,-988.5736915561756,-990.7133984647592,-999.9,-98.64480111653872,0.0,104.44598735735904
228,174.0,48.03076923076923,3.239333333333333,121.7927424982554,5.268387997208653,680.4321702721563,-999.9,-999.9,-999.9,-99.0,0.0,115.9268470494394
229,175.0,17.276923076923076,3.5464285714285717,105.94619147449336,4.86932215234102,680.3454926624738,-999.9,-999.9,-999.9,-99.0,0.0,114.867973614336
230,176.0,11.830769230769231,3.547142857142857,109.55347222222224,-8.860555555555555,680.4869791666666,8.810972222222222,8.284722222222221,8.284722222222221,-99.0,0.0,115.12980024059175
231,177.0,23.330769230769228,3.606666666666667,147.07777777777778,6.821736111111111,680.7514930555556,8.847152777777778,7.936041666666666,7.937291666666667,43.052083333333336,0.0,114.56929135898135
232,178.0,65.42307692307692,3.567142857142857,155.49583333333334,11.057361111111112,680.9062430555556,9.978194444444444,8.998055555555556,8.998125,30.949305555555554,0.0,114.5382593099265
233,179.0,4.933333333333333,3.6168750000000003,123.33541666666666,6.040833333333333,681.2721111111111,8.267291666666667,7.467152777777779,7.468263888888888,36.44722222222222,0.0,106.54495107371525
234,180.0,46.5923076923077,3.344375,143.90902777777777,3.911875,680.3978888888888,9.17347222222222,8.617986111111112,8.619583333333335,20.30555555555556,0.0,115.26450644745611
235,190.0,25.027272727272727,3.0275,230.88472222222225,2.724166666666666,681.5577916666666,7.143611111111111,6.970625,6.823333333333333,45.90138888888889,0.0,115.41161375427747
236,191.0,31.43333333333333,3.1337931034482756,177.2138888888889,3.3569444444444443,682.6500625,10.055972222222222,10.227986111111113,10.019930555555556,41.22152777777778,0.0,125.24390872933353
237,192.0,13.808333333333334,3.42,142.14652777777778,4.270486111111111,681.8468611111111,10.778125,10.298333333333334,10.107847222222222,41.08958333333333,0.0,124.27236124825343
238,193.0,59.94166666666666,3.2544444444444447,108.18611111111112,4.54125,681.0112847222222,10.753194444444444,10.590416666666668,10.157291666666667,26.260416666666668,0.0,126.17013555337205
239,194.0,134.33333333333334,3.4744444444444444,155.30902777777777,2.982708333333333,680.9812083333333,10.076736111111112,9.944305555555555,9.440555555555555,33.238194444444446,0.0,124.13665654026002
240,195.0,74.31666666666666,3.4316666666666666,203.98958333333331,4.5813194444444445,681.2860833333333,8.7375,8.519722222222223,8.141458333333334,71.47013888888888,0.0,124.2762590619964
241,196.0,13.25,3.4933333333333336,214.3855254001392,3.643702157272095,681.888816979819,9.196033402922756,8.946137787056367,8.639596381350035,52.30758524704245,0.0,124.33980289177401
242,197.0,32.84166666666667,3.5233333333333334,132.85902777777778,8.181736111111112,681.7654861111112,10.95861111111111,10.657708333333334,9.96375,38.43472222222222,0.0,124.40785222949927
243,198.0,18.308333333333334,2.9694444444444446,168.51527777777778,7.180902777777778,681.9109722222222,11.184513888888889,10.901527777777778,10.251875,40.15694444444444,0.0,124.74067568220995
244,199.0,56.054545454545455,3.2376190476190474,202.52083333333331,6.481527777777777,682.1865555555555,9.063055555555556,8.843402777777778,8.432638888888889,49.53055555555556,0.0,115.179840699302
245,200.0,18.363636363636363,3.4883333333333333,109.05277777777778,3.795486111111111,681.1622222222222,9.306736111111112,9.39423611111111,8.814375,36.71805555555556,0.0,115.11144094138528
246,201.0,19.963636363636365,3.326,102.53125,3.618194444444444,680.4719027777778,10.645138888888887,10.585625,10.157569444444444,34.87916666666667,0.0,114.8858475698744
247,202.0,159.73636363636362,3.2775000000000003,166.87083333333334,5.407916666666666,680.7459444444445,11.327430555555557,11.018055555555556,10.424375,40.81041666666667,0.0,115.1425282752718
248,203.0,226.97272727272727,3.585555555555555,188.41319444444449,6.369930555555556,681.8639375,10.485208333333334,10.228125,9.758194444444444,38.68611111111111,0.0,115.0307371075423
249,204.0,23.772727272727273,3.3707692307692305,150.21805555555557,5.189930555555556,682.0695,10.393125,10.227152777777778,9.734027777777778,29.449305555555554,0.0,115.01744952905248
250,205.0,80.7090909090909,2.9149999999999996,125.64791666666666,4.206944444444445,682.3873472222223,9.318263888888888,9.070694444444444,8.646319444444446,40.62013888888889,0.0,114.98255943755451
251,206.0,68.45833333333333,3.1223529411764708,201.8513888888889,3.359513888888889,682.7140763888889,9.430069444444444,9.455555555555556,9.157638888888888,78.37152777777777,0.0,123.47927980063649
252,207.0,137.21666666666667,3.0566666666666666,133.75833333333333,3.2339583333333333,683.3591319444445,9.620763888888888,9.541319444444444,9.045694444444443,71.39652777777778,0.0,121.67783441919569
253,208.0,13.700000000000001,3.22,111.51805555555556,4.223611111111111,682.7368125,10.49798611111111,10.439444444444444,10.02951388888889,36.84861111111111,0.0,124.15623214999243
254,209.0,42.675000000000004,3.229230769230769,142.28472222222223,4.379444444444444,681.5048958333334,11.182291666666666,10.768541666666668,10.482291666666669,31.177777777777777,0.0,125.1328505432142
255,210.0,77.71666666666667,3.4475000000000002,217.05972222222223,2.6128472222222223,681.7781875,9.406597222222222,9.72888888888889,9.435694444444444,47.44513888888889,0.0,127.02978597597024
256,211.0,20.724999999999998,3.3961538461538465,206.51527777777775,2.798958333333333,682.4601111111111,8.493125000000001,8.588472222222222,8.111597222222223,69.55763888888889,0.0,124.1561806520435
257,220.0,1.8833333333333335,0.0,157.66458333333333,5.076180555555555,681.1607152777779,9.328611111111112,9.57034722222222,9.532708333333334,66.29305555555555,0.0833333333333333,
258,221.0,3.0833333333333335,0.0,131.09166666666667,3.8218055555555552,681.8645069444444,9.220069444444444,9.714305555555557,9.207708333333333,50.821527777777774,0.0,
259,222.0,1.7999999999999998,0.0,123.40069444444444,4.907638888888889,681.7031736111111,8.499027777777778,8.591805555555556,8.508680555555555,47.75,0.0520833333333333,
260,223.0,1.1727272727272728,0.0,175.32222222222222,7.227361111111111,681.5580208333333,8.69125,8.626458333333334,8.159652777777778,47.87361111111111,0.0,
261,224.0,1.7,0.0,138.81458333333333,5.152152777777778,681.5969027777778,7.550486111111112,7.647986111111111,7.594583333333333,55.790277777777774,0.03125,
262,225.0,1.481818181818182,0.0,193.70763888888888,3.5825,681.2195833333333,7.363402777777777,7.534652777777778,7.507847222222222,67.69930555555555,0.0208333333333333,
263,226.0,1.3,0.0,225.53472222222223,2.552013888888889,681.4028888888889,8.151736111111111,8.061111111111112,7.591180555555555,76.61597222222223,0.0625,
264,227.0,3.7454545454545456,0.0,161.53194444444443,3.1406944444444447,682.4957847222223,7.629583333333334,8.532361111111111,8.400625,70.95,0.1145833333333333,
265,228.0,1.4363636363636365,0.0,148.41875,-6.708888888888889,682.5849444444444,9.39048611111111,9.985833333333334,10.004375,54.922222222222224,1.0319444444444446,
266,229.0,1.4181818181818182,0.0,117.45555555555556,-56.69125,682.2845277777777,8.3325,9.069861111111113,9.407222222222222,68.33333333333333,0.03125,
267,230.0,2.209090909090909,0.0,127.37708333333332,5.397777777777778,682.4198402777778,8.886388888888888,9.23451388888889,8.944722222222222,61.91388888888889,0.0,
268,231.0,0.99,0.0,127.02638888888887,7.235416666666667,681.3407083333333,9.476041666666667,9.569305555555555,9.440069444444443,31.227083333333333,0.0,
269,232.0,2.7444444444444445,0.0,140.29305555555555,8.519791666666666,680.3826597222222,8.974513888888888,9.111319444444444,8.858888888888888,41.8125,0.0729166666666666,
270,233.0,4.455555555555556,0.0,141.37916666666666,10.074930555555556,678.8754097222222,7.538819444444444,7.7809027777777775,7.3781944444444445,91.33055555555556,3.083333333333333,
271,234.0,1.6000000000000003,0.0,161.07291666666666,10.284097222222222,678.8255902777778,8.142013888888888,8.50548611111111,8.049861111111111,89.77847222222222,1.53125,
272,235.0,4.2444444444444445,0.0,180.83402777777775,5.585208333333333,679.2591874999999,8.33048611111111,8.519375,8.071597222222222,91.55208333333331,1.8541666666666667,
273,236.0,1.7444444444444445,0.0,210.775,2.185763888888889,680.1394791666667,8.438680555555557,8.399583333333332,8.032222222222222,90.35763888888889,2.03125,
274,237.0,5.055555555555555,0.0,174.34375,1.9319444444444445,680.3219375,7.435416666666667,7.362083333333333,7.154444444444445,94.44305555555556,0.8444444444444444,
275,238.0,2.8125,0.0,165.0875,2.174097222222222,680.5396597222223,7.55625,7.811736111111111,7.727569444444445,87.25069444444445,1.2270833333333333,
276,239.0,1.3833333333333335,0.0,227.3048611111111,2.636111111111111,681.4424583333333,8.209375,8.245416666666667,8.215208333333333,85.86875,1.0951388888888889,
277,240.0,1.2833333333333332,0.0,258.0875,3.107708333333333,680.276625,8.428055555555556,8.594305555555556,8.393541666666668,64.42847222222223,0.0,
278,241.0,0.9181818181818181,0.0,218.9701388888889,3.137916666666667,677.9462222222222,7.823611111111111,8.823888888888888,8.927291666666665,42.602777777777774,0.0,
279,250.0,3.027272727272727,0.0,244.73958333333331,3.33625,680.3253888888888,7.139513888888889,7.634027777777778,7.807916666666666,57.61180555555556,0.0,
280,251.0,2.477777777777778,3.34,234.86458333333331,2.9003472222222224,680.1919930555555,9.146041666666664,9.778055555555556,9.854513888888889,36.113194444444446,0.0,132.0887744790852
281,252.0,6.2,0.0,196.41666666666663,2.6835416666666667,679.1106875,8.761111111111111,8.730138888888888,8.446944444444444,81.84027777777777,0.0833333333333333,
282,253.0,1.481818181818182,0.0,181.64652777777775,5.583194444444445,679.5467777777777,7.625555555555555,7.819375,7.582916666666667,78.66944444444445,0.125,
283,254.0,1.4166666666666667,0.0,168.9284722222222,3.4590277777777776,680.5322638888889,7.279027777777777,8.297152777777777,8.116597222222222,69.07430555555555,0.0625,
284,255.0,1.3666666666666665,3.66,205.07777777777775,2.544375,680.9220833333334,7.785555555555556,8.817777777777778,8.59923611111111,61.05625,0.0,5.143493017293524
285,256.0,1.3583333333333334,0.0,195.67638888888888,2.656736111111111,679.8205277777778,8.197291666666667,8.738402777777777,8.652152777777777,56.51805555555556,0.0,
286,257.0,1.3636363636363635,0.0,122.09722222222224,5.388541666666667,678.4916736111111,9.302083333333334,9.327777777777778,9.207152777777775,24.697222222222223,0.0,
287,258.0,1.6333333333333335,0.0,168.34375,4.320208333333333,678.2028750000001,8.869236111111112,9.335,9.336944444444445,23.99305555555556,0.0,
288,259.0,7.827272727272727,0.0,176.05555555555554,4.200972222222222,679.2324444444445,9.682083333333336,9.69986111111111,9.773819444444444,43.52013888888889,0.0,
289,260.0,4.836363636363636,0.0,184.3736111111111,3.9689583333333336,680.7793958333333,8.48638888888889,8.893680555555555,8.855277777777777,81.08472222222223,0.0729166666666666,
290,261.0,1.7090909090909092,3.6899999999999995,109.86458333333331,6.663819444444444,680.9062847222223,9.444097222222222,9.39840277777778,9.155902777777778,53.90833333333333,0.0,146.85492725632594
291,262.0,1.3909090909090909,0.0,122.87430555555557,6.693333333333333,680.5839930555555,11.171388888888888,11.20625,10.980694444444444,29.10902777777778,0.0,
292,263.0,2.3272727272727276,0.0,153.62569444444443,3.361180555555556,679.9735972222222,11.305763888888889,11.664652777777777,11.493402777777778,36.79375,0.0,
293,264.0,2.8545454545454545,0.0,177.57777777777778,3.9096527777777776,679.9723263888889,9.992430555555556,10.381180555555556,10.497083333333332,48.92777777777778,0.0,
294,265.0,2.96,0.0,180.5090277777778,6.097430555555556,680.1040694444445,9.731944444444444,9.921944444444446,9.825486111111111,50.759027777777774,0.0,
295,266.0,4.279999999999999,0.0,202.6548611111111,2.594375,680.4865833333333,8.613680555555556,9.38048611111111,9.326458333333331,69.31319444444445,0.125,
296,267.0,4.66,0.0,173.1159722222222,3.1521527777777782,681.2601666666667,8.840694444444445,9.330208333333331,9.414444444444444,78.27986111111112,0.125,
297,268.0,1.7916666666666667,3.9500000000000006,189.26180555555555,4.279861111111111,681.8931805555555,9.693125,10.07875,10.307361111111112,49.20208333333333,0.0,71.15446189531136
298,269.0,2.0083333333333333,0.0,144.27152777777778,4.840277777777778,682.124,10.51888888888889,10.39076388888889,10.06625,57.19305555555555,0.0,
299,270.0,1.0666666666666667,0.0,173.5298611111111,5.695138888888889,681.5281666666666,10.735416666666667,10.678055555555556,10.651388888888889,22.554861111111112,0.0,
300,280.0,1.3916666666666666,0.0,259.64722222222224,3.852222222222222,679.375201388889,6.805972222222223,7.4255555555555555,7.7851388888888895,66.62569444444445,0.0,
301,281.0,2.1625,0.0,257.1590277777778,3.776111111111111,678.7694861111112,7.233402777777778,7.913611111111111,8.228055555555555,43.71944444444444,0.0,
302,282.0,4.45,0.0,266.4173611111111,4.576388888888889,678.4248402777778,7.06125,7.485972222222221,7.624513888888888,58.46875,0.0,
303,283.0,21.880000000000003,0.0,262.35555555555555,5.191736111111111,678.3020763888888,7.741111111111111,7.598611111111111,7.125416666666667,85.4798611111111,0.4895833333333333,
304,284.0,5.716666666666668,3.8699999999999997,247.47569444444449,5.749930555555555,678.4021041666667,7.9406944444444445,8.238055555555555,8.327152777777778,72.68541666666667,0.0,150.48026472933287
305,285.0,2.0285714285714285,1.67,233.34097222222223,5.002361111111111,678.8943680555556,7.338263888888889,7.531736111111112,7.74875,64.03680555555556,0.0,82.60532086020987
306,286.0,1.25,0.0,232.2868055555556,2.788125,679.8179930555556,7.626388888888889,8.074375,8.178055555555556,54.23680555555556,0.0,
307,287.0,1.2454545454545456,0.0,222.85069444444449,2.963055555555556,680.171236111111,7.220347222222221,7.890000000000001,8.000833333333334,65.38680555555555,0.0416666666666666,
308,288.0,1.481818181818182,0.0,206.4388888888889,3.115625,680.0008680555555,6.458888888888889,7.210416666666666,7.494861111111112,69.83194444444445,0.0,
309,289.0,1.5555555555555556,0.0,229.3736111111111,3.398680555555556,679.5213124999999,6.480902777777778,6.553611111111112,6.169236111111112,84.4125,0.09375,
310,290.0,2.191666666666667,0.0,231.2555555555556,2.507152777777778,679.4295,5.639236111111111,5.894236111111112,5.562916666666667,91.08333333333331,0.25,
311,291.0,1.6083333333333334,3.83,180.12916666666666,2.877569444444444,679.0167986111112,4.759166666666666,5.275138888888889,5.076111111111112,86.82569444444445,0.1979166666666666,135.57452325497084
312,292.0,1.2636363636363637,0.0,115.57152777777776,3.408333333333333,679.6928680555556,4.981805555555556,6.432638888888889,6.228194444444445,64.27291666666666,0.0,
313,293.0,0.42000000000000004,3.6,151.73194444444445,4.070902777777778,680.1016319444444,6.869930555555556,7.588055555555555,7.780625000000001,58.80833333333333,0.0,130.46371838154906
314,294.0,1.1416666666666668,0.0,169.60972222222222,3.494375,680.6181527777778,7.805555555555555,8.000972222222222,7.909583333333333,77.74930555555555,0.0,
315,295.0,1.2111111111111112,0.0,156.86805555555554,4.342291666666666,680.9572152777778,7.746666666666667,8.226111111111111,8.353819444444444,68.91666666666667,0.0,
316,296.0,1.1272727272727272,0.0,159.98263888888889,4.335208333333333,680.7713194444444,6.994027777777777,7.882083333333334,8.061250000000001,62.27013888888889,0.0,
317,297.0,1.2666666666666666,0.0,158.80416666666667,2.779236111111111,680.6858333333333,7.164861111111111,7.527986111111111,7.219236111111112,77.09305555555555,0.3333333333333333,
318,298.0,1.15,0.0,132.3527777777778,3.487013888888889,680.8135208333333,7.340625,7.48125,7.296944444444445,76.81875,0.0104166666666666,
319,299.0,5.085714285714286,0.0,201.57986111111111,3.0075000000000003,680.8097638888889,8.002916666666668,8.391805555555557,8.202916666666667,51.89236111111112,0.0,
320,300.0,5.891666666666667,0.0,191.05208333333331,2.3606944444444444,680.5202916666666,8.563055555555556,8.903263888888889,8.598263888888889,85.95694444444445,0.8854166666666666,
321,301.0,6.183333333333334,0.0,194.8034722222222,2.2731250000000003,681.0427916666666,8.190138888888889,8.482083333333334,8.205902777777778,83.56111111111112,0.0729166666666666,
322,310.0,1.6416666666666666,0.0,214.08541666666667,4.845625,679.0660625,6.857361111111112,7.160208333333334,7.801041666666666,53.66041666666667,0.0,
323,311.0,1.1416666666666668,0.0,260.09444444444443,6.4650694444444445,678.0408541666667,6.462152777777778,6.808125,6.800486111111112,32.65625,0.0,
324,312.0,1.4000000000000001,0.0,196.90347222222223,3.029513888888889,678.5386180555555,5.827638888888888,7.960277777777777,7.939166666666666,27.013194444444444,0.0,
325,313.0,1.5,0.0,190.5270833333333,3.2468055555555555,680.1306388888889,7.116527777777777,8.873125,8.955277777777779,28.79375,0.0,
326,314.0,4.608333333333333,0.0,166.4611111111111,2.913402777777778,680.9547361111111,7.588402777777778,9.332152777777775,9.32611111111111,23.04722222222222,0.0,
327,315.0,3.891666666666667,0.0,208.1027777777778,2.8202777777777777,679.7948680555555,7.4059027777777775,8.100416666666668,8.39826388888889,31.525,0.0,
328,316.0,1.375,0.0,123.9875,4.198888888888889,679.1218611111111,7.3059722222222225,8.287638888888889,8.194097222222222,13.16388888888889,0.0,
329,317.0,1.1833333333333333,0.0,151.19791666666666,4.886597222222222,679.8600694444444,7.564236111111111,7.621666666666667,7.419375,48.19097222222222,0.0,
330,318.0,1.3916666666666666,0.0,170.60208333333333,4.639722222222222,680.6132986111111,7.951597222222221,8.077847222222223,7.823194444444444,38.77430555555556,0.0,
331,319.0,1.4666666666666668,0.0,205.4430555555556,2.9488888888888884,680.9744027777778,5.699375,6.682569444444444,6.661597222222222,58.42638888888889,0.0416666666666666,
332,320.0,2.1083333333333334,0.0,198.0270833333333,4.378680555555556,680.4770555555556,6.107916666666666,6.954027777777777,7.346805555555555,23.516666666666666,0.0,
333,321.0,1.5083333333333335,0.0,139.59791666666666,2.9063194444444447,680.5837152777779,6.468055555555556,7.647569444444445,7.605277777777778,21.79930555555556,0.0,
334,322.0,1.8083333333333333,0.0,202.24444444444444,2.8072916666666665,680.8208888888888,5.890763888888889,6.543263888888888,6.570277777777778,24.247916666666665,0.0,
335,323.0,2.6750000000000003,0.0,196.2875,2.1170138888888888,681.6316180555556,4.975555555555555,5.234097222222222,4.902986111111111,54.71458333333333,0.0,
336,324.0,1.95,0.0,248.9326388888889,3.767638888888889,681.9705833333334,7.5621527777777775,7.910486111111111,8.366180555555555,50.41111111111111,0.0,
337,325.0,3.272727272727273,0.0,205.40902777777777,2.935625,681.5028541666667,8.015555555555554,9.159583333333332,9.56597222222222,35.322916666666664,0.0,
338,326.0,5.781818181818182,0.0,170.1326388888889,6.05625,681.6944375,8.93923611111111,9.46527777777778,10.003541666666669,23.51388888888889,0.0,
339,327.0,1.8454545454545455,0.0,131.57916666666668,3.917013888888889,682.7306944444445,8.107777777777779,9.007222222222222,8.927152777777778,27.30208333333333,0.0,
340,328.0,2.4727272727272727,0.0,186.72916666666663,7.293263888888888,681.2944166666666,9.32638888888889,9.73222222222222,9.91423611111111,12.045833333333333,0.0,
341,329.0,4.509090909090909,0.0,158.7826388888889,3.389652777777778,679.8858819444445,8.194027777777778,9.84923611111111,9.973333333333333,27.145138888888887,0.0,
342,330.0,4.118181818181818,0.0,159.06944444444446,4.960833333333333,678.8933680555555,7.793958333333332,7.988958333333334,7.844305555555555,49.15972222222222,0.0,
343,340.0,1.5454545454545454,0.0,137.9701388888889,7.030833333333333,682.0308194444444,7.332361111111111,7.755000000000001,7.932083333333334,6.745833333333334,0.0,
344,341.0,1.5090909090909093,0.0,139.24791666666667,8.407499999999999,682.6475347222222,7.256875,7.4719444444444445,7.455555555555556,15.016666666666667,0.0,
345,342.0,1.3833333333333335,0.0,132.21180555555554,9.610347222222222,683.2403194444445,7.732569444444445,7.992152777777778,8.090972222222222,5.646527777777778,0.0,
346,343.0,1.3454545454545455,0.0,120.93888888888888,7.204791666666666,682.7834097222222,6.803611111111112,7.107083333333334,7.155555555555556,8.001388888888888,0.0,
347,344.0,1.4090909090909092,0.0,114.66805555555555,9.49840277777778,682.11825,6.596597222222223,6.9293055555555565,6.871180555555555,8.030555555555555,0.0,
348,345.0,1.4666666666666668,0.0,118.31388888888888,7.346388888888888,682.3923125,7.884375,8.170833333333333,8.077430555555555,15.895833333333334,0.0,
349,346.0,1.6916666666666667,0.0,125.56597222222224,9.46548611111111,682.2595416666667,7.438333333333333,7.590277777777778,7.462291666666667,15.36736111111111,0.0,
350,347.0,2.2,0.0,139.4125,8.125555555555556,682.78125,9.897638888888888,10.139444444444443,10.199166666666668,8.74236111111111,0.0,
351,348.0,5.766666666666667,3.49,201.85347222222225,3.482916666666666,681.9077500000001,7.620972222222223,8.11173611111111,7.991666666666666,18.43055555555556,0.0,131.64357154686672
352,349.0,1.5833333333333333,0.0,237.17013888888889,4.3654166666666665,679.2405277777777,4.993055555555555,5.576527777777778,5.984305555555555,20.446527777777774,0.0,
353,350.0,0.9400000000000001,0.0,174.76458333333332,4.573958333333334,679.3771666666667,7.265763888888889,7.6461805555555555,7.715277777777778,14.06597222222222,0.0,
354,351.0,1.0999999999999999,0.0,125.425,6.058958333333333,680.5127847222222,9.092777777777778,9.485625,9.904722222222222,12.872916666666669,0.0,
355,352.0,1.5916666666666668,0.0,134.73680555555555,7.979861111111111,680.4122152777777,8.753472222222221,8.909236111111111,8.896597222222223,10.22222222222222,0.0,
356,353.0,1.275,0.0,137.54166666666666,9.594305555555556,680.2570069444445,7.2894444444444435,7.490416666666667,7.263333333333334,9.516666666666667,0.0,
357,354.0,1.1083333333333334,0.0,149.15555555555557,8.079236111111111,679.3138402777778,7.121180555555555,7.227083333333334,7.007222222222222,34.03819444444444,0.0,
358,355.0,1.1333333333333333,0.0,175.22986111111112,2.5913194444444443,678.5422916666666,4.8145138888888885,4.751666666666666,4.399861111111111,84.14097222222222,0.0208333333333333,
359,356.0,5.416666666666667,3.4,208.2798611111111,3.2667361111111117,678.1295277777778,4.448194444444444,4.69625,4.598263888888889,73.37152777777777,0.1354166666666666,72.30185957845741
360,357.0,3.85,0.0,203.5875,4.543472222222222,679.3001597222222,3.6666666666666665,4.1246527777777775,4.462013888888889,76.15277777777777,0.0416666666666666,
361,358.0,2.381818181818182,0.0,202.92222222222225,2.926527777777778,678.6992708333333,3.9775,4.432638888888889,4.369583333333333,75.60902777777778,0.0729166666666666,
362,359.0,1.3333333333333333,0.0,182.925,8.454652777777778,677.8622083333333,4.7543750000000005,5.181527777777777,4.798055555555555,61.951388888888886,0.0,
363,360.0,1.2833333333333334,0.0,155.25694444444446,7.438333333333333,678.4676597222223,5.695486111111111,5.806041666666667,5.463888888888889,42.77916666666667,0.0,
364,361.0,1.8916666666666666,0.0,136.21944444444443,7.744791666666667,679.0940347222222,8.187013888888888,8.399027777777778,8.078888888888889,24.64027777777778,0.0,
