,Date,YEAR,MONTH,DAY,HOUR,MINUTE,WIND DIRECTION,WIND SPEED,BAROMETRIC PRESSURE,TEMPERATURE AT 2 METERS,TEMPERATURE AT 10 METERS,TEMPERATURE AT TOWER TOP,RELATIVE HUMIDITY,PRECIPITATION INTENSITY
0,1020181,2018.0,10.0,1.0,11.5,29.5,143.62083333333334,3.945972222222222,681.629375,10.018125,10.82986111111111,10.524861111111111,27.30625,0.0
1,10201810,2018.0,10.0,10.0,11.5,29.5,259.64722222222224,3.852222222222222,679.375201388889,6.8059722222222225,7.4255555555555555,7.7851388888888895,66.62569444444445,0.0
2,10201811,2018.0,10.0,11.0,11.5,29.5,257.1590277777778,3.776111111111111,678.7694861111112,7.233402777777778,7.913611111111111,8.228055555555555,43.71944444444444,0.0
3,10201812,2018.0,10.0,12.0,11.5,29.5,266.4173611111111,4.576388888888889,678.4248402777778,7.06125,7.485972222222221,7.624513888888888,58.46875,0.0
4,10201813,2018.0,10.0,13.0,11.5,29.5,262.35555555555555,5.191736111111111,678.3020763888888,7.7411111111111115,7.598611111111111,7.125416666666667,85.4798611111111,0.4895833333333333
5,10201814,2018.0,10.0,14.0,11.5,29.5,247.47569444444446,5.749930555555555,678.4021041666667,7.9406944444444445,8.238055555555555,8.327152777777778,72.68541666666667,0.0
6,10201815,2018.0,10.0,15.0,11.5,29.5,233.34097222222223,5.002361111111111,678.8943680555556,7.338263888888889,7.531736111111112,7.74875,64.03680555555556,0.0
7,10201816,2018.0,10.0,16.0,11.5,29.5,232.28680555555556,2.788125,679.8179930555556,7.626388888888889,8.074375,8.178055555555556,54.236805555555556,0.0
8,10201817,2018.0,10.0,17.0,11.5,29.5,222.85069444444446,2.9630555555555556,680.171236111111,7.220347222222221,7.890000000000001,8.000833333333334,65.38680555555555,0.041666666666666664
9,10201818,2018.0,10.0,18.0,11.5,29.5,206.4388888888889,3.115625,680.0008680555555,6.458888888888889,7.210416666666666,7.494861111111112,69.83194444444445,0.0
10,10201819,2018.0,10.0,19.0,11.5,29.5,229.3736111111111,3.398680555555556,679.5213124999999,6.480902777777778,6.5536111111111115,6.169236111111112,84.4125,0.09375
11,1020182,2018.0,10.0,2.0,11.5,29.5,157.47916666666666,5.013888888888889,681.5613472222223,9.222569444444444,9.672569444444445,9.747013888888889,29.525,0.0
12,10201820,2018.0,10.0,20.0,11.5,29.5,231.25555555555556,2.507152777777778,679.4295,5.639236111111111,5.894236111111112,5.562916666666667,91.08333333333333,0.25
13,10201821,2018.0,10.0,21.0,11.5,29.5,180.12916666666666,2.877569444444444,679.0167986111112,4.759166666666666,5.275138888888889,5.0761111111111115,86.82569444444445,0.19791666666666666
14,10201822,2018.0,10.0,22.0,11.5,29.5,115.57152777777777,3.408333333333333,679.6928680555556,4.981805555555556,6.432638888888889,6.228194444444445,64.27291666666666,0.0
15,10201823,2018.0,10.0,23.0,11.5,29.5,151.73194444444445,4.070902777777778,680.1016319444444,6.869930555555556,7.588055555555555,7.780625000000001,58.80833333333333,0.0
16,10201824,2018.0,10.0,24.0,11.5,29.5,169.60972222222222,3.494375,680.6181527777778,7.805555555555555,8.000972222222222,7.909583333333333,77.74930555555555,0.0
17,10201825,2018.0,10.0,25.0,11.5,29.5,156.86805555555554,4.342291666666666,680.9572152777778,7.746666666666667,8.226111111111111,8.353819444444444,68.91666666666667,0.0
18,10201826,2018.0,10.0,26.0,11.5,29.5,159.98263888888889,4.335208333333333,680.7713194444444,6.994027777777777,7.882083333333334,8.061250000000001,62.27013888888889,0.0
19,10201827,2018.0,10.0,27.0,11.5,29.5,158.80416666666667,2.779236111111111,680.6858333333333,7.164861111111111,7.527986111111111,7.219236111111112,77.09305555555555,0.3333333333333333
20,10201828,2018.0,10.0,28.0,11.5,29.5,132.3527777777778,3.487013888888889,680.8135208333333,7.340625,7.48125,7.296944444444445,76.81875,0.010416666666666666
21,10201829,2018.0,10.0,29.0,11.5,29.5,201.57986111111111,3.0075000000000003,680.8097638888889,8.002916666666668,8.391805555555557,8.202916666666667,51.892361111111114,0.0
22,1020183,2018.0,10.0,3.0,11.5,29.5,122.20902777777778,3.6743055555555557,681.6155625,9.204652777777778,9.614236111111111,9.275277777777777,33.66041666666667,0.0
23,10201830,2018.0,10.0,30.0,11.5,29.5,191.05208333333334,2.3606944444444444,680.5202916666666,8.563055555555556,8.903263888888889,8.598263888888889,85.95694444444445,0.8854166666666666
24,10201831,2018.0,10.0,31.0,11.5,29.5,194.8034722222222,2.2731250000000003,681.0427916666666,8.190138888888889,8.482083333333334,8.205902777777778,83.56111111111112,0.07291666666666667
25,1020184,2018.0,10.0,4.0,11.5,29.5,114.9375,3.910763888888889,680.4102430555556,10.126527777777778,10.390277777777778,10.137569444444445,31.62013888888889,0.0
26,1020185,2018.0,10.0,5.0,11.5,29.5,135.24791666666667,3.4795833333333337,679.7505069444444,9.451041666666667,9.710694444444444,9.384861111111112,39.97708333333333,0.0
27,1020186,2018.0,10.0,6.0,11.5,29.5,184.00694444444446,2.5702777777777777,679.9610138888888,7.755069444444444,8.319236111111111,8.011666666666667,64.93888888888888,0.0
28,1020187,2018.0,10.0,7.0,11.5,29.5,190.94027777777777,3.962638888888889,680.2945069444444,7.446319444444445,7.805416666666666,7.703333333333333,86.45972222222223,0.16666666666666666
29,1020188,2018.0,10.0,8.0,11.5,29.5,240.57777777777778,2.1464583333333334,680.6842986111111,7.820555555555556,7.787847222222222,7.340208333333333,92.43541666666667,0.7729166666666667
30,1020189,2018.0,10.0,9.0,11.5,29.5,193.08680555555554,3.1782638888888886,680.1750416666667,7.8381944444444445,7.887916666666667,7.502361111111111,86.72291666666666,0.2604166666666667
31,1120181,2018.0,11.0,1.0,11.5,29.5,110.33055555555555,3.687638888888889,681.4870972222222,8.45375,9.512916666666667,9.410902777777778,55.27291666666667,0.0
32,11201810,2018.0,11.0,10.0,11.5,29.5,214.08541666666667,4.845625,679.0660625,6.8573611111111115,7.160208333333334,7.801041666666666,53.66041666666667,0.0
33,11201811,2018.0,11.0,11.0,11.5,29.5,260.09444444444443,6.4650694444444445,678.0408541666667,6.462152777777778,6.808125,6.800486111111112,32.65625,0.0
34,11201812,2018.0,11.0,12.0,11.5,29.5,196.90347222222223,3.029513888888889,678.5386180555555,5.827638888888888,7.960277777777777,7.939166666666666,27.013194444444444,0.0
35,11201813,2018.0,11.0,13.0,11.5,29.5,190.52708333333334,3.2468055555555555,680.1306388888889,7.116527777777777,8.873125,8.955277777777779,28.79375,0.0
36,11201814,2018.0,11.0,14.0,11.5,29.5,166.4611111111111,2.913402777777778,680.9547361111111,7.588402777777778,9.332152777777777,9.32611111111111,23.04722222222222,0.0
37,11201815,2018.0,11.0,15.0,11.5,29.5,208.1027777777778,2.8202777777777777,679.7948680555555,7.4059027777777775,8.100416666666668,8.39826388888889,31.525,0.0
38,11201816,2018.0,11.0,16.0,11.5,29.5,123.9875,4.198888888888889,679.1218611111111,7.3059722222222225,8.287638888888889,8.194097222222222,13.16388888888889,0.0
39,11201817,2018.0,11.0,17.0,11.5,29.5,151.19791666666666,4.886597222222222,679.8600694444444,7.564236111111111,7.621666666666667,7.419375,48.19097222222222,0.0
40,11201818,2018.0,11.0,18.0,11.5,29.5,170.60208333333333,4.639722222222222,680.6132986111111,7.9515972222222215,8.077847222222223,7.823194444444444,38.77430555555556,0.0
41,11201819,2018.0,11.0,19.0,11.5,29.5,205.44305555555556,2.9488888888888884,680.9744027777778,5.699375,6.682569444444444,6.661597222222222,58.42638888888889,0.041666666666666664
42,1120182,2018.0,11.0,2.0,11.5,29.5,130.48611111111111,4.082222222222222,681.4470069444444,7.807499999999999,8.198819444444444,8.174375,55.96805555555556,0.0
43,11201820,2018.0,11.0,20.0,11.5,29.5,198.02708333333334,4.3786805555555555,680.4770555555556,6.107916666666666,6.954027777777777,7.346805555555555,23.516666666666666,0.0
44,11201821,2018.0,11.0,21.0,11.5,29.5,139.59791666666666,2.9063194444444447,680.5837152777779,6.468055555555556,7.647569444444445,7.605277777777778,21.799305555555556,0.0
45,11201822,2018.0,11.0,22.0,11.5,29.5,202.24444444444444,2.8072916666666665,680.8208888888888,5.890763888888889,6.543263888888888,6.570277777777778,24.247916666666665,0.0
46,11201823,2018.0,11.0,23.0,11.5,29.5,196.2875,2.1170138888888888,681.6316180555556,4.975555555555555,5.234097222222222,4.902986111111111,54.71458333333333,0.0
47,11201824,2018.0,11.0,24.0,11.5,29.5,248.9326388888889,3.7676388888888885,681.9705833333334,7.5621527777777775,7.910486111111111,8.366180555555555,50.41111111111111,0.0
48,11201825,2018.0,11.0,25.0,11.5,29.5,205.40902777777777,2.935625,681.5028541666667,8.015555555555554,9.159583333333332,9.565972222222221,35.322916666666664,0.0
49,11201826,2018.0,11.0,26.0,11.5,29.5,170.1326388888889,6.05625,681.6944375,8.93923611111111,9.465277777777779,10.003541666666667,23.51388888888889,0.0
50,11201827,2018.0,11.0,27.0,11.5,29.5,131.57916666666668,3.917013888888889,682.7306944444445,8.107777777777779,9.007222222222222,8.927152777777778,27.302083333333332,0.0
51,11201828,2018.0,11.0,28.0,11.5,29.5,186.72916666666666,7.293263888888888,681.2944166666666,9.32638888888889,9.732222222222221,9.91423611111111,12.045833333333333,0.0
52,11201829,2018.0,11.0,29.0,11.5,29.5,158.7826388888889,3.389652777777778,679.8858819444445,8.194027777777778,9.84923611111111,9.973333333333333,27.145138888888887,0.0
53,1120183,2018.0,11.0,3.0,11.5,29.5,221.8423611111111,2.640763888888889,679.6828888888889,4.964513888888889,5.339305555555556,5.129166666666666,67.09791666666666,0.0625
54,11201830,2018.0,11.0,30.0,11.5,29.5,159.06944444444446,4.960833333333333,678.8933680555555,7.793958333333332,7.988958333333334,7.844305555555555,49.15972222222222,0.0
55,1120184,2018.0,11.0,4.0,11.5,29.5,210.26180555555555,4.610902777777778,679.5531944444444,4.276944444444444,4.811736111111111,4.746041666666667,71.85,0.041666666666666664
56,1120185,2018.0,11.0,5.0,11.5,29.5,158.7111111111111,3.0778472222222226,679.5835763888889,5.1225,6.143472222222223,5.913263888888889,76.72152777777778,0.03125
57,1120186,2018.0,11.0,6.0,11.5,29.5,190.47430555555556,3.5336805555555557,677.7197222222222,4.8261111111111115,5.448333333333333,5.682291666666667,61.33819444444445,0.0
58,1120187,2018.0,11.0,7.0,11.5,29.5,234.13611111111112,2.2763194444444443,676.7895694444444,4.677222222222222,5.0488888888888885,4.902222222222222,80.84166666666667,0.041666666666666664
59,1120188,2018.0,11.0,8.0,11.5,29.5,226.5888888888889,2.888541666666667,677.3969652777778,4.916458333333333,6.099652777777778,6.376597222222221,62.52013888888889,0.0
60,1120189,2018.0,11.0,9.0,11.5,29.5,199.3215277777778,2.486944444444444,679.2165486111111,6.4070833333333335,6.648402777777778,6.465625,73.79791666666667,0.0
61,120181,2018.0,1.0,1.0,11.491277041172365,29.533845080251222,124.99232379623169,4.934542916957432,680.7084438241451,7.309002093510118,7.697069085833915,7.811025819958131,28.835310537334262,0.0
62,1201810,2018.0,1.0,10.0,11.477987421383649,29.55206149545772,186.1823899371069,4.978686233403215,679.1930118798043,4.055625436757513,4.925017470300489,5.122361984626136,39.980433263452134,0.0
63,1201811,2018.0,1.0,11.0,11.476589797344515,29.54647099930119,181.63801537386442,3.23654786862334,679.5238993710692,2.868134171907757,3.53361285814116,3.470859538784067,53.389238294898675,0.0
64,1201812,2018.0,1.0,12.0,11.475524475524475,29.558041958041958,153.63846153846154,2.91041958041958,679.9525174825175,4.716363636363636,5.596153846153846,5.26958041958042,46.08391608391609,0.0
65,1201813,2018.0,1.0,13.0,11.501747030048916,29.54647099930119,224.03004891684137,3.2397624039133475,680.8872816212438,6.177638015373865,7.2619147449336126,7.1730957372466815,34.3025856044724,0.0
66,1201814,2018.0,1.0,14.0,11.487770789657581,29.54647099930119,210.46121593291406,2.9375960866526905,681.3687631027253,6.5482879105520615,7.46974143955276,7.785883997204752,43.51712089447938,0.0
67,1201815,2018.0,1.0,15.0,11.489881367759944,29.529658060013958,145.57920446615492,3.4716678297278434,681.9196789951152,7.479344033496162,8.205931612002791,8.17473831123517,27.651081646894628,0.0
68,1201816,2018.0,1.0,16.0,11.49056603773585,29.54647099930119,125.94828791055207,5.660866526904263,682.0180293501048,7.94220824598183,8.320545073375262,8.57791754018169,23.720475192173307,0.0
69,1201817,2018.0,1.0,17.0,11.491277041172365,29.529658060013958,145.92114445219818,8.265177948360083,681.9166085136078,8.909560362875087,9.220516399162596,9.065457083042567,6.852058618283322,0.0
70,1201818,2018.0,1.0,18.0,11.474789915966387,29.50560224089636,158.0392156862745,10.055812324929972,681.5752100840336,6.983193277310924,7.420588235294118,6.930112044817927,10.683473389355742,0.0
71,1201819,2018.0,1.0,19.0,11.494068387997208,29.529658060013958,168.68387997208654,10.144521981856245,681.1532449406839,7.146336357292394,7.866434054431263,7.612979762735519,16.818562456385205,0.0
72,120182,2018.0,1.0,2.0,11.480392156862745,29.53641456582633,138.5441176470588,3.5102240896358547,680.8327030812325,6.43109243697479,7.989285714285715,7.983823529411764,15.353641456582633,0.0
73,1201820,2018.0,1.0,20.0,11.501747030048916,29.54647099930119,197.74004192872118,5.975611460517121,680.648357791754,5.659958071278826,6.533892382948987,6.684626135569532,22.561844863731658,0.0
74,1201821,2018.0,1.0,21.0,11.498601398601398,29.567132867132866,179.52727272727273,5.08972027972028,678.8535664335665,4.88034965034965,5.007832167832167,4.703356643356644,56.033566433566435,0.04195804195804196
75,1201822,2018.0,1.0,22.0,11.483577917540181,29.54647099930119,171.4682040531097,4.756044723969252,678.1974842767296,4.292522711390636,4.455485674353599,4.109084556254368,65.87351502445843,-0.04821802935010482
76,1201823,2018.0,1.0,23.0,11.477987421383649,29.54647099930119,160.95317959468903,8.718029350104821,678.1665269042628,4.057092941998603,4.308385744234801,3.558909853249476,74.25576519916143,-0.04821802935010482
77,1201824,2018.0,1.0,24.0,11.491277041172365,29.529658060013958,204.9483600837404,5.523517096999302,677.741451500349,4.312142358688067,4.485415212840196,4.02470341939986,56.14724354501047,0.015352407536636426
78,1201825,2018.0,1.0,25.0,11.458947368421052,29.643508771929824,195.77894736842106,2.9501052631578943,677.4035087719299,3.8008421052631576,4.5815438596491225,4.4275789473684215,56.07368421052632,-0.016842105263157894
79,1201826,2018.0,1.0,26.0,11.497554157931516,29.54227812718379,150.0335429769392,1.9615653389238294,676.3240391334731,3.9536687631027254,4.285115303983228,3.9022361984626137,68.37665967854647,-0.05870020964360587
80,1201827,2018.0,1.0,27.0,11.493361285814116,29.540880503144653,161.40461215932913,2.085045422781272,675.5503843466107,3.684136967155835,3.981900768693222,3.5679944095038434,82.68972746331237,0.4968553459119497
81,1201828,2018.0,1.0,28.0,11.489168413696715,29.540880503144653,220.33752620545073,3.695248078266946,674.340391334731,3.3772187281621244,3.788329839273236,3.393850454227813,74.26275331935709,0.06708595387840671
82,1201829,2018.0,1.0,29.0,11.48637316561845,29.540880503144653,196.67714884696016,2.603843466107617,673.7954577218728,3.204122990915444,3.7962264150943392,3.6907058001397623,62.09364081062194,-0.06918238993710692
83,120183,2018.0,1.0,3.0,11.493006993006993,29.572727272727274,174.36013986013987,3.0306993006993004,680.5462237762238,6.38,7.756153846153846,7.715734265734266,11.072727272727272,0.0
84,1201830,2018.0,1.0,30.0,11.482180293501049,29.540880503144653,244.44234800838575,7.3675052410901465,673.7783368273934,4.623130677847659,5.475960866526904,5.840670859538784,28.503843466107618,0.0
85,1201831,2018.0,1.0,31.0,11.47519217330538,29.540880503144653,225.84975541579314,11.566317260656884,674.7874213836478,4.325786163522013,4.841579315164221,4.250593990216632,27.503843466107618,0.0
86,120184,2018.0,1.0,4.0,11.489881367759944,29.533845080251222,153.6999302163294,8.216468946266573,680.278087927425,7.071109560362875,7.542707606420098,7.343963712491277,5.068387997208653,0.0
87,120185,2018.0,1.0,5.0,11.49056603773585,29.55206149545772,123.77078965758211,5.035709294199861,682.0460517120895,7.8226415094339625,8.10398322851153,8.139552760307478,5.450733752620545,0.0
88,120186,2018.0,1.0,6.0,11.491277041172365,29.533845080251222,131.79134682484298,5.90390788555478,682.3448011165387,8.799651081646894,8.981297976273552,8.915910676901605,21.760642009769715,0.0
89,120187,2018.0,1.0,7.0,11.489168413696715,29.55206149545772,121.40461215932915,6.600139762403913,682.1439552760307,7.827463312368973,8.046121593291405,7.9663871418588394,27.866526904262752,0.0
90,120188,2018.0,1.0,8.0,11.470258922323303,29.517144856543037,134.65080475857243,7.852764170748776,680.842967109867,8.289713086074178,8.538348495451364,8.310916724982505,16.87333799860042,0.0
91,120189,2018.0,1.0,9.0,11.49056603773585,29.55206149545772,154.1369671558351,6.0881900768693225,679.656464011181,7.246051712089448,7.591264849755416,7.522781271837876,15.983228511530399,0.0
92,1220181,2018.0,12.0,1.0,11.5,29.5,162.86805555555554,2.1864583333333334,678.9722291666667,6.272916666666666,7.132152777777777,6.953194444444445,43.5125,0.0
93,12201810,2018.0,12.0,10.0,11.5,29.5,137.9701388888889,7.030833333333333,682.0308194444444,7.332361111111111,7.755000000000001,7.932083333333334,6.745833333333334,0.0
94,12201811,2018.0,12.0,11.0,11.5,29.5,139.24791666666667,8.407499999999999,682.6475347222222,7.256875,7.4719444444444445,7.455555555555556,15.016666666666667,0.0
95,12201812,2018.0,12.0,12.0,11.5,29.5,132.21180555555554,9.610347222222222,683.2403194444445,7.732569444444445,7.992152777777778,8.090972222222222,5.646527777777778,0.0
96,12201813,2018.0,12.0,13.0,11.5,29.5,120.93888888888888,7.204791666666666,682.7834097222222,6.8036111111111115,7.107083333333334,7.155555555555556,8.001388888888888,0.0
97,12201814,2018.0,12.0,14.0,11.5,29.5,114.66805555555555,9.498402777777779,682.11825,6.596597222222223,6.9293055555555565,6.871180555555555,8.030555555555555,0.0
98,12201815,2018.0,12.0,15.0,11.5,29.5,118.31388888888888,7.346388888888888,682.3923125,7.884375,8.170833333333333,8.077430555555555,15.895833333333334,0.0
99,12201816,2018.0,12.0,16.0,11.5,29.5,125.56597222222223,9.46548611111111,682.2595416666667,7.4383333333333335,7.590277777777778,7.462291666666667,15.36736111111111,0.0
100,12201817,2018.0,12.0,17.0,11.5,29.5,139.4125,8.125555555555556,682.78125,9.897638888888888,10.139444444444443,10.199166666666667,8.74236111111111,0.0
101,12201818,2018.0,12.0,18.0,11.5,29.5,201.85347222222222,3.482916666666666,681.9077500000001,7.620972222222223,8.11173611111111,7.991666666666666,18.430555555555557,0.0
102,12201819,2018.0,12.0,19.0,11.5,29.5,237.17013888888889,4.3654166666666665,679.2405277777777,4.993055555555555,5.576527777777778,5.984305555555555,20.446527777777778,0.0
103,1220182,2018.0,12.0,2.0,11.5,29.5,191.4611111111111,3.1069444444444443,679.1839097222222,5.066666666666666,6.087569444444445,6.125555555555555,41.922916666666666,0.0
104,12201820,2018.0,12.0,20.0,11.5,29.5,174.76458333333332,4.573958333333334,679.3771666666667,7.265763888888889,7.6461805555555555,7.715277777777778,14.065972222222221,0.0
105,12201821,2018.0,12.0,21.0,11.5,29.5,125.425,6.058958333333333,680.5127847222222,9.092777777777778,9.485624999999999,9.904722222222222,12.872916666666667,0.0
106,12201822,2018.0,12.0,22.0,11.5,29.5,134.73680555555555,7.979861111111111,680.4122152777777,8.753472222222221,8.909236111111111,8.896597222222223,10.222222222222221,0.0
107,12201823,2018.0,12.0,23.0,11.5,29.5,137.54166666666666,9.594305555555556,680.2570069444445,7.2894444444444435,7.490416666666667,7.263333333333334,9.516666666666667,0.0
108,12201824,2018.0,12.0,24.0,11.5,29.5,149.15555555555557,8.079236111111111,679.3138402777778,7.121180555555555,7.227083333333334,7.007222222222222,34.03819444444444,0.0
109,12201825,2018.0,12.0,25.0,11.5,29.5,175.22986111111112,2.5913194444444443,678.5422916666666,4.8145138888888885,4.751666666666666,4.399861111111111,84.14097222222222,0.020833333333333332
110,12201826,2018.0,12.0,26.0,11.5,29.5,208.2798611111111,3.2667361111111113,678.1295277777778,4.448194444444444,4.69625,4.598263888888889,73.37152777777777,0.13541666666666666
111,12201827,2018.0,12.0,27.0,11.5,29.5,203.5875,4.543472222222222,679.3001597222222,3.6666666666666665,4.1246527777777775,4.462013888888889,76.15277777777777,0.041666666666666664
112,12201828,2018.0,12.0,28.0,11.5,29.5,202.92222222222222,2.926527777777778,678.6992708333333,3.9775,4.432638888888889,4.369583333333333,75.60902777777778,0.07291666666666667
113,12201829,2018.0,12.0,29.0,11.5,29.5,182.925,8.454652777777778,677.8622083333333,4.7543750000000005,5.181527777777777,4.798055555555555,61.951388888888886,0.0
114,1220183,2018.0,12.0,3.0,11.5,29.5,127.41041666666666,3.612986111111111,679.7040138888889,6.2525,7.186041666666666,7.072708333333334,33.952083333333334,0.0
115,12201830,2018.0,12.0,30.0,11.5,29.5,155.25694444444446,7.4383333333333335,678.4676597222223,5.695486111111111,5.806041666666667,5.463888888888889,42.77916666666667,0.0
116,12201831,2018.0,12.0,31.0,11.5,29.5,136.21944444444443,7.744791666666667,679.0940347222222,8.187013888888888,8.399027777777778,8.078888888888889,24.64027777777778,0.0
117,1220184,2018.0,12.0,4.0,11.5,29.5,121.6451388888889,7.1542361111111115,679.7822986111112,7.920972222222223,8.163958333333333,8.269375,23.016666666666666,0.0
118,1220185,2018.0,12.0,5.0,11.5,29.5,141.15277777777777,10.328611111111112,679.4030625,6.627361111111111,6.810416666666667,6.613958333333334,6.511111111111111,0.0
119,1220186,2018.0,12.0,6.0,11.5,29.5,190.28194444444443,4.4551388888888885,679.9536319444444,6.263958333333334,7.085902777777778,7.665833333333333,15.85138888888889,0.0
120,1220187,2018.0,12.0,7.0,11.5,29.5,248.74305555555554,4.406527777777778,679.2313402777778,6.449722222222222,6.997638888888889,7.3469444444444445,35.95,0.0
121,1220188,2018.0,12.0,8.0,11.5,29.5,186.35347222222222,3.5327777777777776,679.9163263888889,5.508819444444445,6.618333333333333,6.885763888888889,25.797916666666666,0.0
122,1220189,2018.0,12.0,9.0,11.5,29.5,125.26666666666667,5.179930555555556,681.1100069444444,6.281736111111112,6.631458333333333,6.897916666666666,7.716666666666667,0.0
123,220181,2018.0,2.0,1.0,11.489881367759944,29.525471039776694,224.16329378925332,8.342777390090719,676.3773900907188,5.0682484298674115,5.414724354501047,5.144591765526867,26.510816468946267,0.0
124,2201810,2018.0,2.0,10.0,11.496156533892384,29.53948287910552,287.08525506638716,6.997414395527603,674.6443046820406,3.124528301886792,3.339832285115304,2.8512928022361983,19.867924528301888,0.0
125,2201811,2018.0,2.0,11.0,11.491963661774983,29.53529000698812,285.8043326345213,4.649755415793152,673.9437456324249,4.981691125087352,5.309783368273934,4.951921733053808,30.802236198462612,0.0
126,2201812,2018.0,2.0,12.0,11.480782669461915,29.53529000698812,241.0587002096436,3.232285115303983,675.8457023060796,6.050803633822502,7.029699510831587,7.328721174004192,25.253668763102727,0.0
127,2201813,2018.0,2.0,13.0,11.493715083798882,29.54189944134078,192.89804469273744,3.617178770949721,677.9149441340782,7.542737430167598,8.225209497206704,8.56731843575419,31.08100558659218,0.0
128,2201814,2018.0,2.0,14.0,11.498255408234472,29.52128401953943,187.85554780181437,4.5462665736217724,678.9627355198884,8.919190509420796,8.860502442428473,8.367201674808095,35.39148639218423,0.0
129,2201815,2018.0,2.0,15.0,11.483193277310924,29.54901960784314,232.6141456582633,9.468557422969187,677.2450980392157,8.184663865546218,8.201050420168068,7.465336134453781,34.74229691876751,0.0
130,2201816,2018.0,2.0,16.0,11.480782669461915,29.53529000698812,236.19147449336128,7.867295597484277,676.7495457721873,7.853808525506638,7.925087351502445,7.334730957372467,44.471698113207545,0.05241090146750524
131,2201817,2018.0,2.0,17.0,11.48569434752268,29.52128401953943,89.19120725750174,2.5218422889043963,677.9722958827634,5.062665736217725,5.324214933705513,4.959525471039776,61.013258897418005,-0.06908583391486392
132,2201818,2018.0,2.0,18.0,11.506993006993007,29.555944055944057,169.35734265734266,3.3383916083916083,678.1020279720279,3.64986013986014,4.031748251748252,4.135594405594405,58.60489510489511,0.02097902097902098
133,2201819,2018.0,2.0,19.0,11.49475890985325,29.53529000698812,222.75331935709295,7.722921034241789,676.2793151642207,3.029350104821803,3.191404612159329,2.464220824598183,67.47589098532495,0.1090146750524109
134,220182,2018.0,2.0,2.0,11.46984572230014,29.52875175315568,250.99438990182327,6.323071528751754,678.3667601683029,5.986676016830295,5.833099579242637,5.261150070126227,64.9523141654979,0.0
135,2201820,2018.0,2.0,20.0,11.496156533892384,29.53529000698812,236.93780573025856,6.185324947589099,676.4634521313766,3.0043326345213135,3.053109713487072,2.494898672257163,55.83018867924528,-0.06918238993710692
136,2201821,2018.0,2.0,21.0,11.49056603773585,29.53529000698812,265.16491963661775,7.516142557651992,678.0093640810622,4.886093640810622,4.729699510831586,4.125296995108316,53.09084556254368,0.0
137,2201822,2018.0,2.0,22.0,9.70607553366174,29.194581280788178,138.51642036124795,1.9499178981937602,679.7159277504105,4.23776683087028,4.486042692939245,4.047290640394089,81.08702791461413,0.07389162561576355
138,2201823,2018.0,2.0,23.0,21.380566801619434,30.473684210526315,153.35222672064776,2.2101214574898784,679.9287449392713,6.386639676113361,6.11417004048583,5.460323886639676,82.21052631578948,0.0
139,2201824,2018.0,2.0,24.0,11.491277041172365,29.52128401953943,180.20655966503838,4.2306350314026515,680.1357292393579,5.256385205861828,5.3,4.972435450104675,84.44870900209351,0.0732728541521284
140,2201825,2018.0,2.0,25.0,11.497554157931516,29.53529000698812,186.41649196366177,4.324598183088749,680.3347309573725,6.153249475890985,6.3939902166317255,5.915653389238295,76.82879105520615,-0.027253668763102725
141,2201826,2018.0,2.0,26.0,11.484975541579315,29.533892382948988,149.6869322152341,2.2624039133473097,681.3231306778476,5.3334032145352905,5.622571628232006,5.165897973445143,80.45842068483577,0.1719077568134172
142,2201827,2018.0,2.0,27.0,11.49790502793296,29.537709497206706,142.69692737430168,4.959078212290502,680.6900837988826,5.863617318435755,6.214734636871508,5.781983240223463,68.88896648044692,0.01047486033519553
143,2201828,2018.0,2.0,28.0,11.49475890985325,29.529699510831588,182.1844863731656,6.055974842767296,679.5505939902166,7.679804332634521,8.074912648497556,7.9912648497554155,42.22990915443746,-0.06918238993710692
144,220183,2018.0,2.0,3.0,11.482180293501049,29.540880503144653,236.87840670859538,5.055974842767296,679.1919636617749,5.922990915443745,5.886582809224319,5.556464011180992,59.708595387840674,0.0
145,220184,2018.0,2.0,4.0,11.489881367759944,29.525471039776694,266.74947662247035,4.708653175157013,678.533356594557,5.485973482205163,5.739846475924634,5.699162595952547,48.63503140265178,0.0
146,220185,2018.0,2.0,5.0,11.496156533892384,29.540880503144653,199.4898672257163,2.99916142557652,676.9721872816212,4.238784067085954,4.46156533892383,4.19811320754717,70.51222921034241,0.0
147,220186,2018.0,2.0,6.0,11.498601398601398,29.56153846153846,228.2153846153846,8.086363636363636,673.418041958042,3.3198601398601397,3.443426573426574,2.8407692307692307,60.096503496503495,0.07342657342657342
148,220187,2018.0,2.0,7.0,11.49056603773585,29.540880503144653,194.84136967155834,6.6157232704402515,672.5779874213837,2.1553459119496856,2.6394828791055205,2.9305380852550664,39.723270440251575,-0.006289308176100629
149,220188,2018.0,2.0,8.0,11.493361285814116,29.540880503144653,210.87770789657583,6.0041928721174,673.1092941998603,1.6117400419287213,2.0373864430468203,1.925017470300489,55.64989517819706,0.0041928721174004195
150,220189,2018.0,2.0,9.0,11.484254723582925,29.501749475157453,290.0,7.933939818054584,674.7366689993002,2.7268019594121764,2.9573827851644507,2.549965010496851,22.151154653603918,-0.06927921623512946
151,320181,2018.0,3.0,1.0,11.491277041172365,29.517096999302165,129.4808094905792,2.7833914863921843,679.3774598743894,8.417934403349616,8.669783670621074,8.29413817166783,43.47103977669225,0.0
152,3201810,2018.0,3.0,10.0,11.486013986013987,29.550349650349652,271.6454545454545,6.061958041958042,675.7877622377622,4.976783216783217,4.772307692307692,4.300629370629371,20.48741258741259,0.0
153,3201811,2018.0,3.0,11.0,11.489881367759944,29.517096999302165,263.9937194696441,5.6872295882763435,675.9662247034194,6.107327285415212,6.094347522679693,5.70774598743894,11.100488485694347,0.0
154,3201812,2018.0,3.0,12.0,11.474789915966387,29.50980392156863,261.3011204481793,6.9789915966386555,677.2319327731092,5.971288515406163,5.720028011204482,4.987675070028011,61.333333333333336,0.37815126050420167
155,3201813,2018.0,3.0,13.0,11.482180293501049,29.529699510831588,175.06988120195666,3.5889587700908456,678.5780573025855,5.06848357791754,5.1287910552061495,4.635639412997904,84.90985324947589,0.5387840670859538
156,3201814,2018.0,3.0,14.0,11.491277041172365,29.517096999302165,121.13817166782972,3.037334263782275,678.9900209351011,5.8150732728541525,5.7648988136776,5.193579902302861,87.30425680390789,0.3077459874389393
157,3201815,2018.0,3.0,15.0,11.496156533892384,29.525506638714187,184.56184486373166,2.682320055904962,680.1916142557652,5.5523410202655485,6.221663172606569,6.114884696016771,73.31865828092243,-0.06918238993710692
158,3201816,2018.0,3.0,16.0,11.493006993006993,29.544755244755244,124.7993006993007,1.8032167832167831,680.5448951048951,5.53944055944056,6.351468531468532,6.000699300699301,82.22517482517482,0.26223776223776224
159,3201817,2018.0,3.0,17.0,11.491277041172365,29.512909979064897,111.3768318213538,2.830216329378925,680.2027215631542,6.258408932309839,6.663712491277042,6.544940683879972,78.70481507327285,0.06699232379623168
160,3201818,2018.0,3.0,18.0,11.496156533892384,29.52410901467505,109.638714185884,2.294689028651293,678.8321453529,6.216771488469602,6.813207547169812,6.738015373864431,70.2690426275332,-0.06918238993710692
161,3201819,2018.0,3.0,19.0,11.464285714285714,29.54621848739496,277.5091036414566,4.505042016806723,676.5467086834734,6.260574229691877,6.330042016806722,6.141316526610644,66.74159663865547,0.0
162,320182,2018.0,3.0,2.0,11.46531184302733,29.608269096005607,156.552207428171,3.38822704975473,680.0107217939734,8.40770847932726,9.071688857743517,8.701681850035039,39.99299229152067,0.0
163,3201820,2018.0,3.0,20.0,11.489881367759944,29.512909979064897,228.67271458478717,5.92533147243545,674.9412421493371,3.981646894626657,4.0991625959525475,3.608513607815771,78.87369155617586,0.3349616189811584
164,3201821,2018.0,3.0,21.0,11.45997191011236,29.536516853932586,293.13904494382024,4.991011235955056,676.4915730337078,4.840238764044944,4.708707865168539,4.111025280898876,83.9494382022472,-0.06952247191011236
165,3201822,2018.0,3.0,22.0,11.489168413696715,29.52410901467505,222.0314465408805,2.3405310971348707,678.4313766596786,4.673515024458421,5.316841369671558,4.9490566037735855,77.4157931516422,0.12578616352201258
166,3201823,2018.0,3.0,23.0,11.482180293501049,29.52410901467505,147.58560447239694,2.580852550663871,679.5745632424878,5.285953878406708,5.491474493361286,5.429140461215933,79.53389238294899,-0.06918238993710692
167,3201824,2018.0,3.0,24.0,11.487090020935101,29.512909979064897,266.55547801814373,9.973691556175854,677.7995115143057,5.824633635729239,5.91367759944173,5.238590369853454,83.03070481507328,0.7431960921144453
168,3201825,2018.0,3.0,25.0,11.504195804195804,29.544755244755244,220.9125874125874,7.656783216783217,675.4653146853148,4.136433566433567,4.629860139860139,4.481748251748251,63.56153846153846,1.93006993006993
169,3201826,2018.0,3.0,26.0,11.489168413696715,29.52410901467505,228.33962264150944,12.754716981132075,674.5647099930119,4.551781970649896,4.971278825995807,4.312648497554157,55.605171208944796,0.05660377358490566
170,3201827,2018.0,3.0,27.0,11.47445766270119,29.511546536039187,237.51644506648006,12.79923023093072,675.5231630510847,4.416794961511547,4.9109867039888035,4.457102869139258,55.92162351294612,0.025192442267319804
171,3201828,2018.0,3.0,28.0,11.494068387997208,29.512909979064897,202.94975575715281,5.616189811584089,678.0166782972784,6.506071179344034,6.546406140963015,6.790579204466154,32.808094905792046,-0.06908583391486392
172,3201829,2018.0,3.0,29.0,11.501747030048916,29.52410901467505,247.22781271837874,5.235918937805731,679.1812718378757,6.021034241788959,6.312508735150245,6.566876310272537,28.317959468902867,0.0
173,320183,2018.0,3.0,3.0,11.488485694347522,29.517096999302165,152.59316120027913,3.7923237962316816,679.9956036287508,8.333356594556875,8.556524773203071,8.40062805303559,24.5582693649686,0.0
174,3201830,2018.0,3.0,30.0,11.49056603773585,29.52410901467505,132.3780573025856,2.902166317260657,679.172536687631,6.036198462613556,6.913976240391334,6.56743535988819,38.426275331935706,0.0
175,3201831,2018.0,3.0,31.0,11.487412587412587,29.54055944055944,74.04615384615384,1.9763636363636363,678.5338461538462,5.066013986013986,5.71006993006993,5.4158041958041965,52.86993006993007,0.0
176,320184,2018.0,3.0,4.0,11.487770789657581,29.529699510831588,126.29280223619847,2.8590496156533893,679.0049615653389,7.387840670859539,7.658350803633823,7.220754716981132,30.3298392732355,0.0
177,320185,2018.0,3.0,5.0,11.49790502793296,29.537709497206706,178.1990223463687,2.863826815642458,677.331215083799,6.0874999999999995,5.843854748603352,5.293505586592179,38.73812849162011,0.0
178,320186,2018.0,3.0,6.0,11.496156533892384,29.529699510831588,270.953179594689,4.281411600279525,676.0979734451432,3.4037735849056605,3.506848357791754,3.3016072676450037,55.0188679245283,0.0
179,320187,2018.0,3.0,7.0,11.493361285814116,29.529699510831588,267.4206848357792,6.147938504542279,675.3716282320056,3.1208245981830887,2.846960167714885,2.422641509433962,57.3633822501747,0.0
180,320188,2018.0,3.0,8.0,11.469516468114927,29.454099509460406,264.7519271198318,9.196916608269095,674.7439383321654,3.3008409250175195,2.8930623686054657,2.177925718290119,42.77715487035739,0.0
181,320189,2018.0,3.0,9.0,11.487770789657581,29.529699510831588,269.06568832983925,7.617051013277428,675.6102026554856,3.757302585604472,3.36408106219427,2.642557651991614,32.17679944095038,0.0
182,420181,2018.0,4.0,1.0,11.489881367759944,29.508722958827633,129.59246336357293,3.3132588974180037,678.9054431263085,6.182554082344732,6.585554780181438,6.36364270760642,52.41730635031403,0.0
183,4201810,2018.0,4.0,10.0,11.46811492641906,29.445690259285215,134.57252978276102,3.251156271899089,681.0123335669236,6.355220742817099,6.482901191310442,5.91478626489138,80.62648913805185,0.4141555711282411
184,4201811,2018.0,4.0,11.0,11.494068387997208,29.508722958827633,132.65806001395674,6.541660851360782,682.1136078157712,7.08764829030007,7.054221912072576,6.5229588276343335,66.09490579204466,-0.02721563154221912
185,4201812,2018.0,4.0,12.0,11.49895178197065,29.51851851851852,141.1432564640112,5.093011879804333,681.7029350104822,7.073864430468205,7.255345911949686,6.978546470999301,59.928721174004195,-0.05870020964360587
186,4201813,2018.0,4.0,13.0,11.484975541579315,29.51851851851852,165.3340321453529,3.7244584206848357,680.0977638015374,5.817260656883298,6.32543675751223,6.258350803633823,57.496855345911946,0.129979035639413
187,4201814,2018.0,4.0,14.0,11.494068387997208,29.508722958827633,173.60083740404744,6.882693649685973,679.3218422889043,5.10711793440335,5.575924633635729,5.390369853454292,51.48569434752268,0.06699232379623168
188,4201815,2018.0,4.0,15.0,11.501747030048916,29.51851851851852,186.11879804332634,6.464290705800139,680.8482879105521,5.0613556953179595,5.489028651292802,5.0214535290006985,67.69042627533193,0.04612159329140461
189,4201816,2018.0,4.0,16.0,11.493361285814116,29.51851851851852,144.13277428371768,2.0538085255066387,681.7489168413697,6.281411600279525,6.657651991614256,6.232704402515723,74.92802236198463,0.1090146750524109
190,4201817,2018.0,4.0,17.0,11.455501051156272,29.61387526278907,147.18009810791872,2.694043447792572,681.0405045550106,6.700140154169587,7.363139453398739,6.952487736510162,61.878766643307635,-0.0378416257883672
191,4201818,2018.0,4.0,18.0,11.49895178197065,29.512928022361983,130.20475192173305,3.2097134870719777,679.8396226415094,7.822501747030049,8.280573025856045,7.822012578616352,43.795946890286515,-0.06918238993710692
192,4201819,2018.0,4.0,19.0,11.49546406140963,29.50453593859037,135.26936496859736,2.7854849965108164,679.4635729239359,7.3769016050244245,7.301884159106769,6.834193998604326,47.98464759246336,0.0
193,420182,2018.0,4.0,2.0,11.478656403079077,29.497550734779566,203.56892932120363,5.8341497550734776,677.7645206438068,8.201329601119665,7.947165850244927,7.354023792862141,41.513645906228135,0.0
194,4201820,2018.0,4.0,20.0,11.501747030048916,29.512928022361983,106.76799440950384,2.8075471698113206,679.8842767295598,4.228930817610063,4.241369671558351,3.7824598183088747,72.937106918239,0.25157232704402516
195,4201821,2018.0,4.0,21.0,11.504195804195804,29.533566433566435,142.01468531468532,4.253286713286713,680.1169930069931,5.5858041958041955,6.017762237762238,5.808811188811189,60.77832167832168,0.0
196,4201822,2018.0,4.0,22.0,11.482180293501049,29.512928022361983,161.32285115303984,4.600978336827393,680.6460517120895,7.360307477288609,7.771348707197763,7.804332634521314,37.6659678546471,0.0
197,4201823,2018.0,4.0,23.0,11.484298674110258,29.50453593859037,128.44521981856246,4.41751570132589,680.1231681786462,8.827215631542218,8.677669225401257,8.462665736217724,28.279134682484298,0.0
198,4201824,2018.0,4.0,24.0,11.214592274678111,29.765379113018597,141.56652360515022,3.5286838340486413,680.266452074392,9.027181688125895,9.55901287553648,9.06244635193133,25.723891273247496,0.17381974248927037
199,4201825,2018.0,4.0,25.0,11.497554157931516,29.512928022361983,190.2941998602376,3.0525506638714184,680.1561146051712,7.121872816212439,7.355136268343816,6.980922431865829,42.56184486373166,-0.1278825995807128
200,4201826,2018.0,4.0,26.0,11.482180293501049,29.512928022361983,225.36058700209642,3.233473095737247,679.8382250174703,6.401187980433264,6.609643605870021,6.949545772187281,37.77638015373864,-0.06918238993710692
201,4201827,2018.0,4.0,27.0,11.487090020935101,29.50453593859037,161.08722958827633,2.8287508722958825,678.6022330774599,6.66043265875785,6.8377529658060014,6.708792742498256,39.307048150732726,0.0
202,4201828,2018.0,4.0,28.0,11.48637316561845,29.512928022361983,200.69252271139064,5.041439552760307,677.6118798043326,8.216911250873515,8.027183787561146,7.482529699510832,42.9538784067086,0.010482180293501049
203,4201829,2018.0,4.0,29.0,11.495111731843576,29.52513966480447,101.25139664804469,3.53645251396648,677.5928072625699,8.454469273743015,8.522974860335195,7.954678770949721,44.599162011173185,0.0
204,420183,2018.0,4.0,3.0,11.491277041172365,29.508722958827633,265.3593859036985,10.832868108862526,676.9944173063503,7.191346824842987,7.01884159106769,6.210886252616888,72.61618981158409,0.0104675505931612
205,4201830,2018.0,4.0,30.0,11.483577917540181,29.512928022361983,234.8819007686932,12.19706498951782,677.9835080363382,8.746820405310972,8.806918238993712,7.798881900768694,67.58141160027952,0.429769392033543
206,420184,2018.0,4.0,4.0,11.48637316561845,29.51851851851852,254.63102725366878,7.742417889587701,678.0037037037038,9.66114605171209,9.126205450733753,8.315932914046122,64.98462613556953,-0.06918238993710692
207,420185,2018.0,4.0,5.0,11.484298674110258,29.508722958827633,209.72226099092813,4.2945568736915565,680.2778785764131,10.066992323796232,9.842288904396371,9.246545708304255,55.92533147243545,0.0314026517794836
208,420186,2018.0,4.0,6.0,11.49546406140963,29.508722958827633,232.43684577808793,3.7279134682484303,682.2280530355897,8.330844382414515,8.350802512212143,8.11353803210049,65.75157013258898,0.36078157711095604
209,420187,2018.0,4.0,7.0,11.49895178197065,29.51851851851852,145.13836477987422,2.848637316561845,681.8063591893781,7.109433962264151,7.462473794549266,7.176240391334732,78.59888190076869,0.6345213137665968
210,420188,2018.0,4.0,8.0,11.483577917540181,29.51851851851852,188.79245283018867,2.941928721174004,680.5206848357792,6.157162823200559,6.640181691125088,6.522921034241788,72.97763801537387,0.14046121593291405
211,420189,2018.0,4.0,9.0,11.472727272727273,29.467832167832167,221.5090909090909,3.093916083916084,679.9443356643357,5.977832167832167,6.063286713286713,5.6070629370629375,77.84195804195804,0.17202797202797201
212,520181,2018.0,5.0,1.0,11.48569434752268,29.50453593859037,236.8820655966504,10.804745289602234,680.2604326587578,8.489811584089322,8.817236566643405,8.12016748080949,63.52058618283322,-0.06908583391486392
213,5201810,2018.0,5.0,10.0,11.473389355742297,29.514705882352942,139.06372549019608,2.5820728291316524,681.4035014005602,9.467647058823529,9.650140056022408,9.22563025210084,55.48179271708683,0.0
214,5201811,2018.0,5.0,11.0,11.489881367759944,29.500348918353104,142.86113049546407,2.2444521981856247,680.6479413817167,7.345987438939288,7.908932309839497,7.538520586182834,67.168876482903,-28.256106071179342
215,5201812,2018.0,5.0,12.0,11.489168413696715,29.50733752620545,157.4430468204053,2.1433962264150943,680.6987421383648,7.66827393431167,8.532075471698112,8.069252271139064,47.661076170510135,-0.06918238993710692
216,5201813,2018.0,5.0,13.0,11.489881367759944,29.500348918353104,162.09909281228192,2.143754361479414,681.4261688764828,7.401674808094906,7.492393579902303,7.048429867411025,53.50593161200279,0.0
217,5201814,2018.0,5.0,14.0,11.49056603773585,29.50733752620545,273.25087351502447,4.285255066387141,680.3948287910553,7.366247379454927,7.478965758211041,7.307197763801538,30.06009783368274,0.0
218,5201815,2018.0,5.0,15.0,11.491277041172365,29.500348918353104,186.79483600837403,2.8677599441730637,678.4911374738311,8.004256803907886,8.077390090718772,8.131681786461968,27.273551988834612,0.0
219,5201816,2018.0,5.0,16.0,11.493361285814116,29.50733752620545,148.90426275331936,2.611600279524808,678.9146750524109,7.146191474493362,7.421104122990916,7.488399720475192,38.770789657582114,0.0
220,5201817,2018.0,5.0,17.0,11.502092050209205,29.52092050209205,125.63877266387726,3.0626220362622036,681.1444560669456,7.067154811715481,7.3889818688981865,7.173012552301255,72.67085076708507,0.0
221,5201818,2018.0,5.0,18.0,11.504189944134078,29.527932960893853,67.84287709497207,2.1550977653631285,682.5015432960894,7.3095670391061445,7.899650837988826,7.534008379888268,65.49581005586592,0.0
222,5201819,2018.0,5.0,19.0,11.503486750348674,29.52092050209205,136.53347280334728,4.990097629009763,681.8398535564853,9.614225941422594,9.307531380753138,8.862831241283123,15.096234309623432,0.0
223,520182,2018.0,5.0,2.0,11.496859734822051,29.50453593859037,110.2079553384508,2.790579204466155,682.454152128402,8.799511514305653,8.504187020237264,7.872644801116539,69.96929518492672,0.0
224,5201820,2018.0,5.0,20.0,11.498603351955307,29.527932960893853,197.52932960893855,4.610684357541899,680.767437150838,9.968645251396648,9.835963687150839,9.502444134078212,16.637569832402235,0.0
225,5201821,2018.0,5.0,21.0,11.495118549511854,29.51813110181311,156.62900976290098,3.3045327754532776,681.0405090655509,10.180055788005578,9.930404463040446,9.52370990237099,40.0118549511855,0.0
226,5201822,2018.0,5.0,22.0,11.506276150627615,29.51673640167364,115.18758716875871,2.094839609483961,681.3269595536959,9.948256624825662,10.176847977684798,9.627545327754532,44.92677824267783,0.0
227,5201823,2018.0,5.0,23.0,11.528341497550734,29.552834149755075,139.79146256123164,2.7193841847445768,681.4562141357593,9.953463960811757,10.170538838348495,10.190832750174948,47.755773268019595,0.0
228,5201824,2018.0,5.0,24.0,11.496513249651326,29.51673640167364,108.93723849372385,4.2188981868898185,681.4814225941423,12.599721059972106,12.37587168758717,11.930822873082287,23.352859135285915,0.0
229,5201825,2018.0,5.0,25.0,11.461107217939734,29.609670637701473,114.86755430974071,4.524176594253679,682.4652067274001,13.302873160476524,13.087596355991591,12.557463209530484,10.651716888577436,0.0
230,5201826,2018.0,5.0,26.0,11.507670850767084,29.51673640167364,113.41562064156206,5.039330543933054,681.9496094839609,13.359972105997212,13.008995815899583,12.579009762900975,5.246164574616458,0.0
231,5201827,2018.0,5.0,27.0,11.498603351955307,29.522346368715084,108.65712290502793,3.706564245810056,680.7624162011174,11.742667597765363,11.401675977653632,10.964734636871508,21.289106145251395,0.0
232,5201828,2018.0,5.0,28.0,11.492329149232916,29.51673640167364,122.64016736401673,2.985913528591353,679.3172245467225,10.24205020920502,10.1278940027894,9.549442119944212,21.842398884239888,0.0
233,5201829,2018.0,5.0,29.0,11.502092050209205,29.51673640167364,144.63179916317992,7.661576011157601,680.320209205021,8.948465829846583,9.03249651324965,8.166596931659694,53.156206415620645,-18.294979079497907
234,520183,2018.0,5.0,3.0,11.49475890985325,29.512928022361983,132.2522711390636,2.2378057302585606,682.5173305380853,8.081271837875612,7.840810621942698,7.230887491264849,72.25436757512229,0.0
235,5201830,2018.0,5.0,30.0,11.501396648044693,29.522346368715084,195.80656424581005,5.7417597765363135,681.9657472067039,10.12981843575419,10.391899441340783,9.994343575418995,49.114525139664806,-19.42667597765363
236,5201831,2018.0,5.0,31.0,11.493723849372385,29.51673640167364,123.10669456066945,2.6423988842398884,681.4197419804742,12.868967921896791,12.78326359832636,12.182357043235704,15.208507670850768,-0.06903765690376569
237,520184,2018.0,5.0,4.0,11.492672714584787,29.500348918353104,157.6817864619679,2.5921144452198184,681.5722260990929,7.766364270760643,7.724982554082344,7.222609909281228,64.05303558967202,0.0
238,520185,2018.0,5.0,5.0,11.49475890985325,29.50733752620545,147.73165618448638,3.186932215234102,681.475821104123,7.8319357092942,7.688120195667366,7.543116701607268,61.735150244584204,0.0
239,520186,2018.0,5.0,6.0,11.489881367759944,29.500348918353104,259.15840893230984,5.112002791346825,680.3338450802512,9.632030704815074,9.210746685275646,8.92079553384508,41.21284019539428,0.0
240,520187,2018.0,5.0,7.0,11.501046755059317,29.500348918353104,266.62247034193996,4.066643405443126,681.6780879274249,9.3960223307746,8.914724354501047,8.603698534542918,48.044661549197485,0.0
241,520188,2018.0,5.0,8.0,11.497554157931516,29.50733752620545,268.26764500349407,3.1873515024458423,683.1473095737247,9.275541579315163,9.024947589098533,8.502445842068484,50.23200559049616,0.0
242,520189,2018.0,5.0,9.0,11.492672714584787,29.500348918353104,168.62665736217724,2.627006280530356,682.6175157013259,8.926796929518494,9.564689462665736,9.210188415910677,54.842986741102585,0.0
243,620181,2018.0,6.0,1.0,11.502092050209205,29.51673640167364,118.6276150627615,3.258437935843794,680.0932078103208,12.349721059972106,12.360599721059971,11.888284518828451,10.872384937238493,0.0
244,6201810,2018.0,6.0,10.0,11.499302649930264,29.51255230125523,142.0676429567643,6.185216178521618,683.5371129707113,9.366875871687588,9.07273361227336,8.297838214783821,32.33612273361227,0.0
245,6201811,2018.0,6.0,11.0,11.497206703910615,29.51675977653631,82.27164804469274,5.09713687150838,681.0240502793296,8.776536312849162,8.243784916201118,7.354748603351955,24.24441340782123,0.0
246,6201812,2018.0,6.0,12.0,11.496513249651326,29.51255230125523,163.30962343096235,4.63047419804742,679.5563319386332,8.32112970711297,8.073361227336123,7.589609483960948,28.426778242677823,0.0
247,6201813,2018.0,6.0,13.0,11.495810055865922,29.51675977653631,166.75209497206703,4.265712290502793,679.8436731843575,7.851117318435754,7.712081005586593,7.484148044692737,40.20041899441341,0.0
248,6201814,2018.0,6.0,14.0,11.496513249651326,29.51255230125523,128.22245467224548,2.218479776847978,680.3555230125522,8.438075313807532,8.942329149232915,8.493863319386332,39.36610878661088,0.0
249,6201815,2018.0,6.0,15.0,11.507670850767084,29.51255230125523,157.82217573221757,3.051534170153417,680.3346373779638,9.074546722454672,8.959205020920502,8.634170153417015,31.615062761506277,0.0
250,6201816,2018.0,6.0,16.0,11.508379888268156,29.51675977653631,168.12709497206703,2.7260474860335195,680.5638617318435,8.090642458100557,8.362220670391062,8.112639664804469,37.112430167597765,0.0
251,6201817,2018.0,6.0,17.0,11.504881450488146,29.51255230125523,128.3563458856346,2.6184100418410043,680.5944560669456,10.676011157601115,10.75516039051604,10.177405857740586,24.063458856345886,0.0
252,6201818,2018.0,6.0,18.0,11.469187675070028,29.535014005602243,106.31512605042016,5.654761904761905,680.9453081232493,11.128641456582633,10.711904761904762,9.791946778711484,31.82843137254902,0.0
253,6201819,2018.0,6.0,19.0,11.484298674110258,29.491974877878576,110.50174459176553,6.571388695045359,680.8459874389393,10.16496859734822,9.791974877878577,8.744452198185623,66.24773203070481,0.0
254,620182,2018.0,6.0,2.0,11.523743016759777,29.536312849162012,131.20810055865923,2.9533519553072622,679.1292039106146,11.572625698324023,11.694553072625697,11.343016759776537,30.250698324022345,0.0
255,6201820,2018.0,6.0,20.0,11.494068387997208,29.491974877878576,160.49616189811584,6.227494766224703,681.0697138869505,11.789462665736217,11.209002093510119,10.439916259595254,52.86601535240754,0.0
256,6201821,2018.0,6.0,21.0,11.501046755059317,29.491974877878576,90.36147941381716,3.0744591765526867,681.002023726448,11.796441032798326,11.43433356594557,10.859455687369156,19.54431263084438,0.0
257,6201822,2018.0,6.0,22.0,11.493361285814116,29.496156533892382,103.46261355695317,5.2823899371069185,680.4784067085953,11.297554157931517,10.900628930817609,-13.923689727463312,20.9832285115304,0.0
258,6201823,2018.0,6.0,23.0,11.487090020935101,29.491974877878576,118.87578506629448,6.513747383112352,680.2877878576413,-988.5736915561757,-990.7133984647593,-999.9,-98.64480111653873,0.0
259,6201824,2018.0,6.0,24.0,11.498255408234472,29.491974877878576,121.79274249825541,5.268387997208653,680.4321702721563,-999.9,-999.9,-999.9,-99.0,0.0
260,6201825,2018.0,6.0,25.0,11.496156533892384,29.496156533892382,105.94619147449336,4.86932215234102,680.3454926624738,-999.9,-999.9,-999.9,-99.0,0.0
261,6201826,2018.0,6.0,26.0,11.5,29.5,109.55347222222223,-8.860555555555555,680.4869791666666,8.810972222222222,8.284722222222221,8.284722222222221,-99.0,0.0
262,6201827,2018.0,6.0,27.0,11.5,29.5,147.07777777777778,6.821736111111111,680.7514930555556,8.847152777777778,7.936041666666666,7.937291666666667,43.052083333333336,0.0
263,6201828,2018.0,6.0,28.0,11.5,29.5,155.49583333333334,11.057361111111112,680.9062430555556,9.978194444444444,8.998055555555556,8.998125,30.949305555555554,0.0
264,6201829,2018.0,6.0,29.0,11.5,29.5,123.33541666666666,6.040833333333333,681.2721111111111,8.267291666666667,7.467152777777779,7.468263888888888,36.44722222222222,0.0
265,620183,2018.0,6.0,3.0,11.5,29.522346368715084,157.2304469273743,6.245879888268156,680.9492318435755,13.530796089385474,13.259636871508379,12.609078212290504,22.299581005586592,0.0
266,6201830,2018.0,6.0,30.0,11.5,29.5,143.90902777777777,3.911875,680.3978888888888,9.173472222222221,8.617986111111112,8.619583333333335,20.305555555555557,0.0
267,620184,2018.0,6.0,4.0,11.471698113207546,29.469601677148848,145.43605870020966,7.932634521313767,683.6378965758211,13.045073375262055,12.839063591893781,11.908735150244585,22.25436757512229,0.0
268,620185,2018.0,6.0,5.0,11.497907949790795,29.51673640167364,193.7231520223152,3.713528591352859,683.2473361227336,11.588981868898186,11.19260808926081,10.299721059972105,22.357043235704325,0.0
269,620186,2018.0,6.0,6.0,11.5,29.5,186.41736111111112,4.234930555555556,680.8259861111111,8.841041666666667,8.178888888888888,8.179722222222221,30.564583333333335,0.0
270,620187,2018.0,6.0,7.0,11.505586592178771,29.522346368715084,156.7486033519553,6.372974860335196,679.2352444134078,8.3213687150838,8.066899441340782,7.228072625698324,28.82891061452514,0.0
271,620188,2018.0,6.0,8.0,11.503486750348674,29.51534170153417,222.05997210599722,4.946164574616458,681.2787726638772,7.437238493723849,7.059135285913528,6.37629009762901,52.365411436541144,0.0
272,620189,2018.0,6.0,9.0,11.502793296089385,29.51675977653631,184.1082402234637,8.540782122905028,683.5066340782123,8.741899441340783,8.898882681564245,8.020670391061453,46.37360335195531,0.0
273,720181,2018.0,7.0,1.0,11.5,29.5,159.76458333333332,2.8720138888888886,679.8383402777778,8.860208333333334,8.511875,8.511805555555556,29.19236111111111,0.0
274,7201810,2018.0,7.0,10.0,11.5,29.5,230.88472222222222,2.7241666666666666,681.5577916666666,7.1436111111111105,6.970625,6.823333333333333,45.90138888888889,0.0
275,7201811,2018.0,7.0,11.0,11.5,29.5,177.2138888888889,3.3569444444444443,682.6500625,10.055972222222222,10.227986111111111,10.019930555555556,41.22152777777778,0.0
276,7201812,2018.0,7.0,12.0,11.5,29.5,142.14652777777778,4.270486111111111,681.8468611111111,10.778125,10.298333333333334,10.107847222222222,41.08958333333333,0.0
277,7201813,2018.0,7.0,13.0,11.5,29.5,108.18611111111112,4.54125,681.0112847222222,10.753194444444444,10.590416666666668,10.157291666666667,26.260416666666668,0.0
278,7201814,2018.0,7.0,14.0,11.5,29.5,155.30902777777777,2.9827083333333335,680.9812083333333,10.076736111111112,9.944305555555555,9.440555555555555,33.238194444444446,0.0
279,7201815,2018.0,7.0,15.0,11.5,29.5,203.98958333333334,4.5813194444444445,681.2860833333333,8.7375,8.519722222222223,8.141458333333334,71.47013888888888,0.0
280,7201816,2018.0,7.0,16.0,11.478079331941546,29.538622129436327,214.3855254001392,3.6437021572720947,681.888816979819,9.196033402922756,8.946137787056367,8.639596381350035,52.30758524704245,0.0
281,7201817,2018.0,7.0,17.0,11.5,29.5,132.85902777777778,8.181736111111112,681.7654861111112,10.95861111111111,10.657708333333334,9.96375,38.43472222222222,0.0
282,7201818,2018.0,7.0,18.0,11.5,29.5,168.51527777777778,7.180902777777778,681.9109722222222,11.184513888888889,10.901527777777778,10.251875,40.15694444444444,0.0
283,7201819,2018.0,7.0,19.0,11.5,29.5,202.52083333333334,6.481527777777777,682.1865555555555,9.063055555555556,8.843402777777778,8.432638888888889,49.53055555555556,0.0
284,720182,2018.0,7.0,2.0,11.5,29.5,153.12847222222223,2.5190277777777776,680.2486319444445,6.876458333333334,6.513541666666667,6.514305555555556,73.66805555555555,0.0
285,7201820,2018.0,7.0,20.0,11.5,29.5,109.05277777777778,3.795486111111111,681.1622222222222,9.306736111111112,9.39423611111111,8.814375,36.71805555555556,0.0
286,7201821,2018.0,7.0,21.0,11.5,29.5,102.53125,3.6181944444444443,680.4719027777778,10.645138888888889,10.585625,10.157569444444444,34.87916666666667,0.0
287,7201822,2018.0,7.0,22.0,11.5,29.5,166.87083333333334,5.407916666666666,680.7459444444445,11.327430555555555,11.018055555555556,10.424375,40.81041666666667,0.0
288,7201823,2018.0,7.0,23.0,11.5,29.5,188.41319444444446,6.369930555555556,681.8639375,10.485208333333334,10.228125,9.758194444444444,38.68611111111111,0.0
289,7201824,2018.0,7.0,24.0,11.5,29.5,150.21805555555557,5.189930555555556,682.0695,10.393125,10.227152777777778,9.734027777777778,29.449305555555554,0.0
290,7201825,2018.0,7.0,25.0,11.5,29.5,125.64791666666666,4.206944444444445,682.3873472222223,9.318263888888888,9.070694444444444,8.646319444444446,40.62013888888889,0.0
291,7201826,2018.0,7.0,26.0,11.5,29.5,201.8513888888889,3.359513888888889,682.7140763888889,9.430069444444444,9.455555555555556,9.157638888888888,78.37152777777777,0.0
292,7201827,2018.0,7.0,27.0,11.5,29.5,133.75833333333333,3.2339583333333333,683.3591319444445,9.620763888888888,9.541319444444444,9.045694444444443,71.39652777777778,0.0
293,7201828,2018.0,7.0,28.0,11.5,29.5,111.51805555555555,4.223611111111111,682.7368125,10.49798611111111,10.439444444444444,10.02951388888889,36.84861111111111,0.0
294,7201829,2018.0,7.0,29.0,11.5,29.5,142.28472222222223,4.379444444444444,681.5048958333334,11.182291666666666,10.768541666666668,10.482291666666667,31.177777777777777,0.0
295,720183,2018.0,7.0,3.0,11.5,29.5,121.32638888888889,4.201805555555556,679.6266666666667,6.9411805555555555,6.975902777777777,6.976527777777778,74.1138888888889,0.23958333333333334
296,7201830,2018.0,7.0,30.0,11.5,29.5,217.05972222222223,2.6128472222222223,681.7781875,9.406597222222222,9.72888888888889,9.435694444444444,47.44513888888889,0.0
297,7201831,2018.0,7.0,31.0,11.5,29.5,206.51527777777778,2.798958333333333,682.4601111111111,8.493125000000001,8.588472222222222,8.111597222222223,69.55763888888889,0.0
298,720184,2018.0,7.0,4.0,11.5,29.5,129.94027777777777,3.1841666666666666,678.6986180555556,7.846041666666666,7.732083333333334,7.731875,51.85625,0.0
299,720185,2018.0,7.0,5.0,11.426871938418474,29.55773268019594,146.3365990202939,3.757102869139258,679.2063470958713,9.714975507347797,9.693282015395383,9.694681595521343,27.164450664800558,0.0
300,720186,2018.0,7.0,6.0,11.5,29.5,144.05138888888888,5.959722222222222,680.5195763888888,11.16173611111111,10.50375,10.747847222222221,21.740277777777777,0.0
301,720187,2018.0,7.0,7.0,11.5,29.5,122.24652777777777,7.003819444444445,681.0148541666666,8.043194444444445,7.263055555555555,7.619236111111111,69.36111111111111,0.010416666666666666
302,720188,2018.0,7.0,8.0,11.5,29.5,120.68472222222222,4.575208333333333,680.4752777777778,7.604791666666666,6.9655555555555555,7.215694444444445,45.263888888888886,0.0
303,720189,2018.0,7.0,9.0,11.5,29.5,207.63472222222222,2.3230555555555554,680.2706736111111,6.396875,6.130833333333333,6.335416666666666,69.26875,0.0
304,820181,2018.0,8.0,1.0,11.5,29.5,151.76458333333332,5.573402777777778,682.3367013888889,9.353055555555555,9.135277777777777,8.613402777777777,48.87361111111111,0.0
305,8201810,2018.0,8.0,10.0,11.5,29.5,157.66458333333333,5.076180555555555,681.1607152777779,9.328611111111112,9.570347222222221,9.532708333333334,66.29305555555555,0.08333333333333333
306,8201811,2018.0,8.0,11.0,11.5,29.5,131.09166666666667,3.8218055555555552,681.8645069444444,9.220069444444444,9.714305555555557,9.207708333333333,50.821527777777774,0.0
307,8201812,2018.0,8.0,12.0,11.5,29.5,123.40069444444444,4.907638888888889,681.7031736111111,8.499027777777778,8.591805555555556,8.508680555555555,47.75,0.052083333333333336
308,8201813,2018.0,8.0,13.0,11.5,29.5,175.32222222222222,7.227361111111111,681.5580208333333,8.69125,8.626458333333334,8.159652777777778,47.87361111111111,0.0
309,8201814,2018.0,8.0,14.0,11.5,29.5,138.81458333333333,5.152152777777778,681.5969027777778,7.550486111111112,7.647986111111111,7.5945833333333335,55.790277777777774,0.03125
310,8201815,2018.0,8.0,15.0,11.5,29.5,193.70763888888888,3.5825,681.2195833333333,7.363402777777777,7.534652777777778,7.507847222222222,67.69930555555555,0.020833333333333332
311,8201816,2018.0,8.0,16.0,11.5,29.5,225.53472222222223,2.552013888888889,681.4028888888889,8.151736111111111,8.061111111111112,7.591180555555555,76.61597222222223,0.0625
312,8201817,2018.0,8.0,17.0,11.5,29.5,161.53194444444443,3.1406944444444447,682.4957847222223,7.629583333333334,8.532361111111111,8.400625,70.95,0.11458333333333333
313,8201818,2018.0,8.0,18.0,11.5,29.5,148.41875,-6.708888888888889,682.5849444444444,9.39048611111111,9.985833333333334,10.004375,54.922222222222224,1.0319444444444446
314,8201819,2018.0,8.0,19.0,11.5,29.5,117.45555555555555,-56.69125,682.2845277777777,8.3325,9.069861111111111,9.407222222222222,68.33333333333333,0.03125
315,820182,2018.0,8.0,2.0,11.5,29.5,127.42708333333333,7.272430555555555,681.9999583333333,8.588541666666666,8.2225,7.514236111111111,47.9875,0.0
316,8201820,2018.0,8.0,20.0,11.5,29.5,127.37708333333333,5.397777777777778,682.4198402777778,8.886388888888888,9.23451388888889,8.944722222222222,61.91388888888889,0.0
317,8201821,2018.0,8.0,21.0,11.5,29.5,127.02638888888889,7.235416666666667,681.3407083333333,9.476041666666667,9.569305555555555,9.440069444444445,31.227083333333333,0.0
318,8201822,2018.0,8.0,22.0,11.5,29.5,140.29305555555555,8.519791666666666,680.3826597222222,8.974513888888888,9.111319444444444,8.858888888888888,41.8125,0.07291666666666667
319,8201823,2018.0,8.0,23.0,11.5,29.5,141.37916666666666,10.074930555555556,678.8754097222222,7.538819444444444,7.7809027777777775,7.3781944444444445,91.33055555555555,3.0833333333333335
320,8201824,2018.0,8.0,24.0,11.5,29.5,161.07291666666666,10.284097222222222,678.8255902777778,8.142013888888888,8.50548611111111,8.049861111111111,89.77847222222222,1.53125
321,8201825,2018.0,8.0,25.0,11.5,29.5,180.83402777777778,5.585208333333333,679.2591874999999,8.33048611111111,8.519375,8.071597222222222,91.55208333333333,1.8541666666666667
322,8201826,2018.0,8.0,26.0,11.5,29.5,210.775,2.185763888888889,680.1394791666667,8.438680555555557,8.399583333333332,8.032222222222222,90.35763888888889,2.03125
323,8201827,2018.0,8.0,27.0,11.5,29.5,174.34375,1.9319444444444445,680.3219375,7.435416666666667,7.362083333333333,7.154444444444445,94.44305555555556,0.8444444444444444
324,8201828,2018.0,8.0,28.0,11.5,29.5,165.0875,2.174097222222222,680.5396597222223,7.55625,7.811736111111111,7.727569444444445,87.25069444444445,1.2270833333333333
325,8201829,2018.0,8.0,29.0,11.5,29.5,227.3048611111111,2.636111111111111,681.4424583333333,8.209375,8.245416666666667,8.215208333333333,85.86875,1.0951388888888889
326,820183,2018.0,8.0,3.0,11.5,29.5,121.625,4.056180555555556,681.0994513888888,8.844791666666667,8.672083333333333,8.00951388888889,47.54236111111111,0.0
327,8201830,2018.0,8.0,30.0,11.5,29.5,258.0875,3.1077083333333335,680.276625,8.428055555555556,8.594305555555556,8.393541666666668,64.42847222222223,0.0
328,8201831,2018.0,8.0,31.0,11.5,29.5,218.9701388888889,3.137916666666667,677.9462222222222,7.823611111111111,8.823888888888888,8.927291666666665,42.602777777777774,0.0
329,820184,2018.0,8.0,4.0,11.5,29.5,190.79583333333332,4.828819444444444,680.8530902777777,9.04701388888889,8.766319444444445,8.329027777777778,54.49722222222222,0.0
330,820185,2018.0,8.0,5.0,11.5,29.5,122.47222222222223,6.330694444444445,680.9903472222222,11.520902777777776,11.286458333333334,10.804791666666667,35.482638888888886,0.0
331,820186,2018.0,8.0,6.0,11.5,29.5,133.86319444444445,5.480208333333334,680.7769791666667,12.57826388888889,12.306111111111111,11.99201388888889,14.32638888888889,0.0
332,820187,2018.0,8.0,7.0,11.5,29.5,121.43333333333334,8.15076388888889,680.9653611111111,12.243611111111111,11.914861111111112,11.364583333333334,18.509027777777778,0.0
333,820188,2018.0,8.0,8.0,11.5,29.5,111.41527777777777,9.692638888888888,680.1658125,10.210694444444444,10.163055555555555,9.553680555555555,52.451388888888886,0.041666666666666664
334,820189,2018.0,8.0,9.0,11.5,29.5,185.75972222222222,8.782152777777778,680.1775763888888,10.139513888888889,10.140138888888888,9.7075,60.43680555555556,0.0
335,920181,2018.0,9.0,1.0,11.5,29.5,238.36180555555555,3.599375,676.9095763888889,7.730763888888888,8.164305555555556,9.000902777777778,40.65972222222222,0.0
336,9201810,2018.0,9.0,10.0,11.5,29.5,244.73958333333334,3.3362499999999997,680.3253888888888,7.139513888888889,7.634027777777778,7.807916666666666,57.611805555555556,0.0
337,9201811,2018.0,9.0,11.0,11.5,29.5,234.86458333333334,2.9003472222222224,680.1919930555555,9.146041666666665,9.778055555555556,9.854513888888889,36.113194444444446,0.0
338,9201812,2018.0,9.0,12.0,11.5,29.5,196.41666666666666,2.6835416666666667,679.1106875,8.761111111111111,8.730138888888888,8.446944444444444,81.84027777777777,0.08333333333333333
339,9201813,2018.0,9.0,13.0,11.5,29.5,181.64652777777778,5.583194444444445,679.5467777777777,7.625555555555555,7.819375,7.582916666666667,78.66944444444445,0.125
340,9201814,2018.0,9.0,14.0,11.5,29.5,168.9284722222222,3.4590277777777776,680.5322638888889,7.279027777777777,8.297152777777777,8.116597222222222,69.07430555555555,0.0625
341,9201815,2018.0,9.0,15.0,11.5,29.5,205.07777777777778,2.544375,680.9220833333334,7.785555555555556,8.817777777777778,8.59923611111111,61.05625,0.0
342,9201816,2018.0,9.0,16.0,11.5,29.5,195.67638888888888,2.656736111111111,679.8205277777778,8.197291666666667,8.738402777777777,8.652152777777777,56.518055555555556,0.0
343,9201817,2018.0,9.0,17.0,11.5,29.5,122.09722222222223,5.388541666666667,678.4916736111111,9.302083333333334,9.327777777777778,9.207152777777777,24.697222222222223,0.0
344,9201818,2018.0,9.0,18.0,11.5,29.5,168.34375,4.320208333333333,678.2028750000001,8.869236111111112,9.334999999999999,9.336944444444445,23.993055555555557,0.0
345,9201819,2018.0,9.0,19.0,11.5,29.5,176.05555555555554,4.200972222222222,679.2324444444445,9.682083333333335,9.69986111111111,9.773819444444444,43.52013888888889,0.0
346,920182,2018.0,9.0,2.0,11.5,29.5,195.92777777777778,2.817083333333333,677.3129583333333,8.608472222222222,9.416597222222222,9.495902777777777,40.30555555555556,0.0
347,9201820,2018.0,9.0,20.0,11.5,29.5,184.3736111111111,3.9689583333333336,680.7793958333333,8.48638888888889,8.893680555555555,8.855277777777777,81.08472222222223,0.07291666666666667
348,9201821,2018.0,9.0,21.0,11.5,29.5,109.86458333333333,6.663819444444444,680.9062847222223,9.444097222222222,9.398402777777779,9.155902777777778,53.90833333333333,0.0
349,9201822,2018.0,9.0,22.0,11.5,29.5,122.87430555555555,6.693333333333333,680.5839930555555,11.171388888888888,11.20625,10.980694444444445,29.10902777777778,0.0
350,9201823,2018.0,9.0,23.0,11.5,29.5,153.62569444444443,3.361180555555556,679.9735972222222,11.305763888888889,11.664652777777777,11.493402777777778,36.79375,0.0
351,9201824,2018.0,9.0,24.0,11.5,29.5,177.57777777777778,3.9096527777777776,679.9723263888889,9.992430555555556,10.381180555555556,10.497083333333332,48.92777777777778,0.0
352,9201825,2018.0,9.0,25.0,11.5,29.5,180.5090277777778,6.0974305555555555,680.1040694444445,9.731944444444444,9.921944444444446,9.825486111111111,50.759027777777774,0.0
353,9201826,2018.0,9.0,26.0,11.5,29.5,202.6548611111111,2.594375,680.4865833333333,8.613680555555556,9.38048611111111,9.326458333333333,69.31319444444445,0.125
354,9201827,2018.0,9.0,27.0,11.5,29.5,173.1159722222222,3.1521527777777782,681.2601666666667,8.840694444444445,9.330208333333333,9.414444444444444,78.27986111111112,0.125
355,9201828,2018.0,9.0,28.0,11.5,29.5,189.26180555555555,4.279861111111111,681.8931805555555,9.693125,10.07875,10.307361111111112,49.202083333333334,0.0
356,9201829,2018.0,9.0,29.0,11.5,29.5,144.27152777777778,4.840277777777778,682.124,10.51888888888889,10.39076388888889,10.06625,57.19305555555555,0.0
357,920183,2018.0,9.0,3.0,11.5,29.5,209.00208333333333,4.052222222222222,679.0364166666666,8.217430555555556,8.678680555555555,8.411875,70.03680555555556,0.041666666666666664
358,9201830,2018.0,9.0,30.0,11.5,29.5,173.5298611111111,5.695138888888889,681.5281666666666,10.735416666666667,10.678055555555556,10.651388888888889,22.554861111111112,0.0
359,920184,2018.0,9.0,4.0,11.5,29.5,169.01041666666666,3.850486111111111,680.6355833333333,8.930208333333333,9.402708333333333,9.156875,69.51458333333333,0.010416666666666666
360,920185,2018.0,9.0,5.0,11.5,29.5,106.21180555555556,5.156458333333333,680.1631736111111,9.311250000000001,9.220208333333334,8.977777777777778,37.9,0.0
361,920186,2018.0,9.0,6.0,11.5,29.5,126.46111111111111,3.7766666666666664,679.0008680555555,8.639930555555555,9.274791666666667,8.79513888888889,37.83888888888889,0.041666666666666664
362,920187,2018.0,9.0,7.0,11.5,29.5,218.67916666666667,2.404097222222222,679.2680277777778,7.283402777777778,7.681111111111111,7.413333333333334,82.42152777777778,0.03125
363,920188,2018.0,9.0,8.0,11.5,29.5,192.38333333333333,3.0275000000000003,680.7605625,7.437569444444445,7.9806944444444445,7.936041666666666,75.14166666666667,0.08333333333333333
364,920189,2018.0,9.0,9.0,11.5,29.5,229.1861111111111,3.1363888888888884,680.8090902777777,7.796805555555555,8.079236111111111,8.195555555555556,79.10416666666667,0.4479166666666667
